t,v
2009-01-03,0
2009-01-04,0
2009-01-05,0
2009-01-06,0
2009-01-07,0
2009-01-08,0
2009-01-09,0
2009-01-10,0
2009-01-11,0
2009-01-12,8
2009-01-13,0
2009-01-14,4
2009-01-15,14
2009-01-16,6
2009-01-17,0
2009-01-18,4
2009-01-19,18
2009-01-20,9
2009-01-21,3
2009-01-22,11
2009-01-23,11
2009-01-24,11
2009-01-25,2
2009-01-26,21
2009-01-27,4
2009-01-28,0
2009-01-29,13
2009-01-30,0
2009-01-31,21
2009-02-01,3
2009-02-02,2
2009-02-03,15
2009-02-04,0
2009-02-05,0
2009-02-06,0
2009-02-07,27
2009-02-08,2
2009-02-09,45
2009-02-10,0
2009-02-11,16
2009-02-12,0
2009-02-13,0
2009-02-14,0
2009-02-15,14
2009-02-16,31
2009-02-17,0
2009-02-18,0
2009-02-19,17
2009-02-20,0
2009-02-21,0
2009-02-22,12
2009-02-23,0
2009-02-24,0
2009-02-25,0
2009-02-26,0
2009-02-27,37
2009-02-28,8
2009-03-01,0
2009-03-02,0
2009-03-03,9
2009-03-04,26
2009-03-05,9
2009-03-06,0
2009-03-07,0
2009-03-08,27
2009-03-09,0
2009-03-10,0
2009-03-11,0
2009-03-12,4
2009-03-13,14
2009-03-14,0
2009-03-15,0
2009-03-16,49
2009-03-17,0
2009-03-18,15
2009-03-19,0
2009-03-20,13
2009-03-21,0
2009-03-22,12
2009-03-23,0
2009-03-24,0
2009-03-25,0
2009-03-26,29
2009-03-27,0
2009-03-28,21
2009-03-29,0
2009-03-30,0
2009-03-31,33
2009-04-01,0
2009-04-02,0
2009-04-03,0
2009-04-04,0
2009-04-05,18
2009-04-06,0
2009-04-07,0
2009-04-08,0
2009-04-09,0
2009-04-10,0
2009-04-11,8
2009-04-12,9
2009-04-13,2
2009-04-14,0
2009-04-15,0
2009-04-16,0
2009-04-17,0
2009-04-18,5
2009-04-19,9
2009-04-20,117
2009-04-21,2
2009-04-22,0
2009-04-23,0
2009-04-24,0
2009-04-25,0
2009-04-26,16
2009-04-27,0
2009-04-28,0
2009-04-29,21
2009-04-30,0
2009-05-01,0
2009-05-02,16
2009-05-03,4
2009-05-04,31
2009-05-05,11
2009-05-06,0
2009-05-07,0
2009-05-08,0
2009-05-09,0
2009-05-10,0
2009-05-11,3
2009-05-12,0
2009-05-13,6
2009-05-14,6
2009-05-15,11
2009-05-16,0
2009-05-17,0
2009-05-18,0
2009-05-19,0
2009-05-20,0
2009-05-21,0
2009-05-22,0
2009-05-23,0
2009-05-24,0
2009-05-25,0
2009-05-26,0
2009-05-27,0
2009-05-28,0
2009-05-29,61
2009-05-30,0
2009-05-31,0
2009-06-01,2
2009-06-02,0
2009-06-03,0
2009-06-04,0
2009-06-05,0
2009-06-06,0
2009-06-07,0
2009-06-08,0
2009-06-09,0
2009-06-10,0
2009-06-11,0
2009-06-12,0
2009-06-13,0
2009-06-14,0
2009-06-15,0
2009-06-16,0
2009-06-17,0
2009-06-18,0
2009-06-19,0
2009-06-20,0
2009-06-21,0
2009-06-22,61
2009-06-23,0
2009-06-24,5
2009-06-25,21
2009-06-26,0
2009-06-27,0
2009-06-28,2
2009-06-29,2
2009-06-30,4
2009-07-01,3
2009-07-02,2
2009-07-03,0
2009-07-04,0
2009-07-05,0
2009-07-06,0
2009-07-07,0
2009-07-08,0
2009-07-09,0
2009-07-10,0
2009-07-11,0
2009-07-12,0
2009-07-13,0
2009-07-14,0
2009-07-15,0
2009-07-16,0
2009-07-17,0
2009-07-18,0
2009-07-19,0
2009-07-20,122
2009-07-21,0
2009-07-22,0
2009-07-23,0
2009-07-24,0
2009-07-25,0
2009-07-26,0
2009-07-27,0
2009-07-28,0
2009-07-29,3
2009-07-30,2
2009-07-31,0
2009-08-01,0
2009-08-02,0
2009-08-03,0
2009-08-04,0
2009-08-05,0
2009-08-06,0
2009-08-07,112
2009-08-08,0
2009-08-09,0
2009-08-10,0
2009-08-11,0
2009-08-12,0
2009-08-13,0
2009-08-14,0
2009-08-15,0
2009-08-16,0
2009-08-17,0
2009-08-18,0
2009-08-19,0
2009-08-20,0
2009-08-21,0
2009-08-22,0
2009-08-23,0
2009-08-24,0
2009-08-25,0
2009-08-26,48
2009-08-27,0
2009-08-28,0
2009-08-29,0
2009-08-30,2
2009-08-31,7
2009-09-01,0
2009-09-02,0
2009-09-03,15
2009-09-04,0
2009-09-05,0
2009-09-06,0
2009-09-07,14
2009-09-08,0
2009-09-09,0
2009-09-10,0
2009-09-11,0
2009-09-12,0
2009-09-13,0
2009-09-14,0
2009-09-15,0
2009-09-16,2
2009-09-17,102
2009-09-18,0
2009-09-19,0
2009-09-20,0
2009-09-21,9
2009-09-22,41
2009-09-23,0
2009-09-24,0
2009-09-25,28
2009-09-26,0
2009-09-27,17
2009-09-28,0
2009-09-29,45
2009-09-30,0
2009-10-01,0
2009-10-02,11
2009-10-03,0
2009-10-04,0
2009-10-05,0
2009-10-06,15
2009-10-07,0
2009-10-08,0
2009-10-09,0
2009-10-10,0
2009-10-11,0
2009-10-12,74
2009-10-13,0
2009-10-14,0
2009-10-15,0
2009-10-16,81
2009-10-17,0
2009-10-18,8
2009-10-19,0
2009-10-20,102
2009-10-21,19
2009-10-22,40
2009-10-23,0
2009-10-24,8
2009-10-25,0
2009-10-26,0
2009-10-27,17
2009-10-28,0
2009-10-29,43
2009-10-30,0
2009-10-31,0
2009-11-01,0
2009-11-02,0
2009-11-03,0
2009-11-04,42
2009-11-05,0
2009-11-06,0
2009-11-07,0
2009-11-08,0
2009-11-09,0
2009-11-10,0
2009-11-11,52
2009-11-12,0
2009-11-13,13
2009-11-14,0
2009-11-15,0
2009-11-16,0
2009-11-17,0
2009-11-18,0
2009-11-19,83
2009-11-20,0
2009-11-21,0
2009-11-22,0
2009-11-23,0
2009-11-24,0
2009-11-25,0
2009-11-26,0
2009-11-27,0
2009-11-28,0
2009-11-29,0
2009-11-30,0
2009-12-01,167
2009-12-02,0
2009-12-03,0
2009-12-04,0
2009-12-05,20
2009-12-06,4
2009-12-07,0
2009-12-08,31
2009-12-09,23
2009-12-10,0
2009-12-11,0
2009-12-12,68
2009-12-13,0
2009-12-14,335
2009-12-15,9
2009-12-16,18
2009-12-17,10
2009-12-18,0
2009-12-19,2
2009-12-20,0
2009-12-21,2
2009-12-22,0
2009-12-23,0
2009-12-24,0
2009-12-25,2
2009-12-26,0
2009-12-27,6
2009-12-28,0
2009-12-29,0
2009-12-30,0
2009-12-31,0
2010-01-01,4
2010-01-02,0
2010-01-03,0
2010-01-04,85
2010-01-05,0
2010-01-06,0
2010-01-07,0
2010-01-08,0
2010-01-09,0
2010-01-10,0
2010-01-11,0
2010-01-12,216
2010-01-13,4
2010-01-14,12
2010-01-15,6
2010-01-16,7
2010-01-17,0
2010-01-18,3
2010-01-19,0
2010-01-20,0
2010-01-21,12
2010-01-22,8
2010-01-23,4
2010-01-24,2
2010-01-25,61
2010-01-26,20
2010-01-27,21
2010-01-28,22
2010-01-29,21
2010-01-30,38
2010-01-31,20
2010-02-01,19
2010-02-02,22
2010-02-03,7
2010-02-04,45
2010-02-05,249
2010-02-06,33
2010-02-07,16
2010-02-08,129
2010-02-09,421
2010-02-10,609
2010-02-11,77
2010-02-12,43
2010-02-13,88
2010-02-14,56
2010-02-15,102
2010-02-16,23
2010-02-17,30
2010-02-18,63
2010-02-19,6
2010-02-20,15
2010-02-21,130
2010-02-22,273
2010-02-23,2
2010-02-24,112
2010-02-25,146
2010-02-26,24
2010-02-27,12
2010-02-28,108
2010-03-01,36
2010-03-02,45
2010-03-03,109
2010-03-04,390
2010-03-05,4
2010-03-06,97
2010-03-07,118
2010-03-08,188
2010-03-09,83
2010-03-10,49
2010-03-11,67
2010-03-12,9
2010-03-13,37
2010-03-14,9
2010-03-15,10
2010-03-16,28
2010-03-17,28
2010-03-18,85
2010-03-19,136
2010-03-20,81
2010-03-21,13
2010-03-22,45
2010-03-23,85
2010-03-24,37
2010-03-25,355
2010-03-26,83
2010-03-27,28
2010-03-28,22
2010-03-29,74
2010-03-30,14
2010-03-31,29
2010-04-01,33
2010-04-02,23
2010-04-03,31
2010-04-04,75
2010-04-05,157
2010-04-06,109
2010-04-07,111
2010-04-08,35
2010-04-09,137
2010-04-10,309
2010-04-11,188
2010-04-12,165
2010-04-13,53
2010-04-14,133
2010-04-15,718
2010-04-16,235
2010-04-17,88
2010-04-18,3233
2010-04-19,322
2010-04-20,229
2010-04-21,165
2010-04-22,76
2010-04-23,96
2010-04-24,119
2010-04-25,192
2010-04-26,117
2010-04-27,98
2010-04-28,150
2010-04-29,73
2010-04-30,63
2010-05-01,84
2010-05-02,55
2010-05-03,123
2010-05-04,191
2010-05-05,159
2010-05-06,294
2010-05-07,103
2010-05-08,293
2010-05-09,113
2010-05-10,169
2010-05-11,49
2010-05-12,135
2010-05-13,129
2010-05-14,126
2010-05-15,69
2010-05-16,56
2010-05-17,149
2010-05-18,148
2010-05-19,149
2010-05-20,87
2010-05-21,168
2010-05-22,155
2010-05-23,260
2010-05-24,156
2010-05-25,149
2010-05-26,199
2010-05-27,209
2010-05-28,146
2010-05-29,181
2010-05-30,124
2010-05-31,141
2010-06-01,141
2010-06-02,112
2010-06-03,253
2010-06-04,111
2010-06-05,116
2010-06-06,123
2010-06-07,326
2010-06-08,188
2010-06-09,196
2010-06-10,136
2010-06-11,191
2010-06-12,158
2010-06-13,183
2010-06-14,269
2010-06-15,189
2010-06-16,156
2010-06-17,136
2010-06-18,131
2010-06-19,235
2010-06-20,129
2010-06-21,195
2010-06-22,208
2010-06-23,170
2010-06-24,203
2010-06-25,102
2010-06-26,91
2010-06-27,141
2010-06-28,141
2010-06-29,246
2010-06-30,275
2010-07-01,214
2010-07-02,219
2010-07-03,167
2010-07-04,279
2010-07-05,214
2010-07-06,105
2010-07-07,230
2010-07-08,164
2010-07-09,165
2010-07-10,213
2010-07-11,418
2010-07-12,2943
2010-07-13,1411
2010-07-14,6286
2010-07-15,1496
2010-07-16,1305
2010-07-17,635
2010-07-18,757
2010-07-19,808
2010-07-20,728
2010-07-21,621
2010-07-22,427
2010-07-23,471
2010-07-24,788
2010-07-25,1912
2010-07-26,1010
2010-07-27,611
2010-07-28,518
2010-07-29,355
2010-07-30,408
2010-07-31,285
2010-08-01,398
2010-08-02,416
2010-08-03,774
2010-08-04,511
2010-08-05,619
2010-08-06,493
2010-08-07,362
2010-08-08,398
2010-08-09,595
2010-08-10,406
2010-08-11,497
2010-08-12,378
2010-08-13,655
2010-08-14,332
2010-08-15,247
2010-08-16,630
2010-08-17,365
2010-08-18,595
2010-08-19,336
2010-08-20,480
2010-08-21,365
2010-08-22,387
2010-08-23,453
2010-08-24,448
2010-08-25,311
2010-08-26,455
2010-08-27,332
2010-08-28,368
2010-08-29,231
2010-08-30,376
2010-08-31,556
2010-09-01,450
2010-09-02,397
2010-09-03,344
2010-09-04,280
2010-09-05,384
2010-09-06,359
2010-09-07,245
2010-09-08,383
2010-09-09,382
2010-09-10,376
2010-09-11,279
2010-09-12,545
2010-09-13,557
2010-09-14,477
2010-09-15,499
2010-09-16,495
2010-09-17,825
2010-09-18,353
2010-09-19,482
2010-09-20,531
2010-09-21,1062
2010-09-22,876
2010-09-23,837
2010-09-24,614
2010-09-25,656
2010-09-26,444
2010-09-27,1070
2010-09-28,1503
2010-09-29,1049
2010-09-30,492
2010-10-01,693
2010-10-02,680
2010-10-03,550
2010-10-04,690
2010-10-05,577
2010-10-06,522
2010-10-07,489
2010-10-08,665
2010-10-09,607
2010-10-10,457
2010-10-11,475
2010-10-12,494
2010-10-13,756
2010-10-14,439
2010-10-15,406
2010-10-16,703
2010-10-17,525
2010-10-18,731
2010-10-19,1162
2010-10-20,944
2010-10-21,817
2010-10-22,823
2010-10-23,669
2010-10-24,665
2010-10-25,563
2010-10-26,639
2010-10-27,914
2010-10-28,805
2010-10-29,654
2010-10-30,428
2010-10-31,403
2010-11-01,421
2010-11-02,288
2010-11-03,394
2010-11-04,423
2010-11-05,647
2010-11-06,414
2010-11-07,486
2010-11-08,1363
2010-11-09,468
2010-11-10,469
2010-11-11,396
2010-11-12,299
2010-11-13,372
2010-11-14,708
2010-11-15,4217
2010-11-16,3189
2010-11-17,459
2010-11-18,405
2010-11-19,497
2010-11-20,668
2010-11-21,620
2010-11-22,466
2010-11-23,525
2010-11-24,801
2010-11-25,740
2010-11-26,1018
2010-11-27,661
2010-11-28,538
2010-11-29,710
2010-11-30,602
2010-12-01,938
2010-12-02,641
2010-12-03,708
2010-12-04,497
2010-12-05,488
2010-12-06,507
2010-12-07,926
2010-12-08,687
2010-12-09,632
2010-12-10,491
2010-12-11,823
2010-12-12,1026
2010-12-13,1539
2010-12-14,966
2010-12-15,906
2010-12-16,781
2010-12-17,634
2010-12-18,701
2010-12-19,909
2010-12-20,1304
2010-12-21,900
2010-12-22,1057
2010-12-23,784
2010-12-24,707
2010-12-25,915
2010-12-26,885
2010-12-27,985
2010-12-28,868
2010-12-29,830
2010-12-30,926
2010-12-31,741
2011-01-01,903
2011-01-02,883
2011-01-03,1246
2011-01-04,939
2011-01-05,1390
2011-01-06,1021
2011-01-07,1096
2011-01-08,1313
2011-01-09,1230
2011-01-10,1281
2011-01-11,1395
2011-01-12,1104
2011-01-13,1521
2011-01-14,1436
2011-01-15,1273
2011-01-16,1374
2011-01-17,1177
2011-01-18,1280
2011-01-19,1388
2011-01-20,1280
2011-01-21,1807
2011-01-22,2035
2011-01-23,1770
2011-01-24,1878
2011-01-25,1296
2011-01-26,1419
2011-01-27,1502
2011-01-28,1550
2011-01-29,1928
2011-01-30,3057
2011-01-31,2075
2011-02-01,1766
2011-02-02,1339
2011-02-03,1113
2011-02-04,1332
2011-02-05,1353
2011-02-06,1232
2011-02-07,1209
2011-02-08,1262
2011-02-09,1916
2011-02-10,3381
2011-02-11,4145
2011-02-12,3133
2011-02-13,3082
2011-02-14,3940
2011-02-15,3215
2011-02-16,2775
2011-02-17,3301
2011-02-18,3436
2011-02-19,2737
2011-02-20,3011
2011-02-21,3124
2011-02-22,3604
2011-02-23,3601
2011-02-24,3505
2011-02-25,3234
2011-02-26,3363
2011-02-27,3448
2011-02-28,2896
2011-03-01,5066
2011-03-02,3576
2011-03-03,4737
2011-03-04,3105
2011-03-05,3424
2011-03-06,3139
2011-03-07,3254
2011-03-08,3698
2011-03-09,3237
2011-03-10,2802
2011-03-11,2922
2011-03-12,3098
2011-03-13,2776
2011-03-14,2788
2011-03-15,3187
2011-03-16,3034
2011-03-17,3090
2011-03-18,2974
2011-03-19,3061
2011-03-20,4319
2011-03-21,4514
2011-03-22,3743
2011-03-23,6710
2011-03-24,4254
2011-03-25,4019
2011-03-26,4709
2011-03-27,4643
2011-03-28,5190
2011-03-29,4511
2011-03-30,3525
2011-03-31,3999
2011-04-01,3137
2011-04-02,3148
2011-04-03,3474
2011-04-04,4476
2011-04-05,4158
2011-04-06,3733
2011-04-07,3289
2011-04-08,3505
2011-04-09,3482
2011-04-10,3369
2011-04-11,3912
2011-04-12,4188
2011-04-13,4520
2011-04-14,5823
2011-04-15,4024
2011-04-16,5234
2011-04-17,4200
2011-04-18,5409
2011-04-19,6221
2011-04-20,5252
2011-04-21,3915
2011-04-22,4107
2011-04-23,4801
2011-04-24,4530
2011-04-25,4940
2011-04-26,6011
2011-04-27,7342
2011-04-28,6056
2011-04-29,6586
2011-04-30,8009
2011-05-01,7343
2011-05-02,5814
2011-05-03,5887
2011-05-04,6210
2011-05-05,6921
2011-05-06,6659
2011-05-07,7090
2011-05-08,6135
2011-05-09,7306
2011-05-10,6931
2011-05-11,6863
2011-05-12,7017
2011-05-13,9229
2011-05-14,8737
2011-05-15,8078
2011-05-16,11506
2011-05-17,10261
2011-05-18,12695
2011-05-19,11771
2011-05-20,11381
2011-05-21,10577
2011-05-22,10533
2011-05-23,11949
2011-05-24,12952
2011-05-25,14348
2011-05-26,14242
2011-05-27,10599
2011-05-28,11415
2011-05-29,11036
2011-05-30,12428
2011-05-31,13850
2011-06-01,13657
2011-06-02,15288
2011-06-03,17582
2011-06-04,19181
2011-06-05,17585
2011-06-06,20676
2011-06-07,18723
2011-06-08,27013
2011-06-09,26012
2011-06-10,23862
2011-06-11,23329
2011-06-12,26680
2011-06-13,25460
2011-06-14,29187
2011-06-15,27126
2011-06-16,28463
2011-06-17,25713
2011-06-18,25771
2011-06-19,27371
2011-06-20,25591
2011-06-21,24486
2011-06-22,26303
2011-06-23,23864
2011-06-24,25067
2011-06-25,22254
2011-06-26,23338
2011-06-27,28631
2011-06-28,25983
2011-06-29,24028
2011-06-30,23070
2011-07-01,30042
2011-07-02,32112
2011-07-03,22129
2011-07-04,23440
2011-07-05,23168
2011-07-06,26752
2011-07-07,22771
2011-07-08,24399
2011-07-09,22511
2011-07-10,28441
2011-07-11,25505
2011-07-12,22750
2011-07-13,26808
2011-07-14,28682
2011-07-15,24115
2011-07-16,23674
2011-07-17,24274
2011-07-18,27601
2011-07-19,24782
2011-07-20,25539
2011-07-21,25137
2011-07-22,24163
2011-07-23,21647
2011-07-24,22920
2011-07-25,26711
2011-07-26,23543
2011-07-27,23165
2011-07-28,25053
2011-07-29,21756
2011-07-30,19386
2011-07-31,23766
2011-08-01,23275
2011-08-02,21237
2011-08-03,17988
2011-08-04,18586
2011-08-05,21120
2011-08-06,19901
2011-08-07,19634
2011-08-08,24295
2011-08-09,23270
2011-08-10,19300
2011-08-11,17814
2011-08-12,16683
2011-08-13,18815
2011-08-14,21128
2011-08-15,18781
2011-08-16,20593
2011-08-17,19988
2011-08-18,20313
2011-08-19,21840
2011-08-20,20800
2011-08-21,22366
2011-08-22,25025
2011-08-23,22345
2011-08-24,21797
2011-08-25,22862
2011-08-26,21300
2011-08-27,20640
2011-08-28,18215
2011-08-29,18696
2011-08-30,17313
2011-08-31,16787
2011-09-01,16492
2011-09-02,15858
2011-09-03,14200
2011-09-04,17225
2011-09-05,17841
2011-09-06,18377
2011-09-07,16392
2011-09-08,15365
2011-09-09,18315
2011-09-10,15532
2011-09-11,15078
2011-09-12,16221
2011-09-13,14664
2011-09-14,14442
2011-09-15,15192
2011-09-16,14298
2011-09-17,12877
2011-09-18,14074
2011-09-19,15826
2011-09-20,21668
2011-09-21,17693
2011-09-22,17256
2011-09-23,19799
2011-09-24,19129
2011-09-25,18971
2011-09-26,17509
2011-09-27,18409
2011-09-28,13462
2011-09-29,12613
2011-09-30,13192
2011-10-01,12750
2011-10-02,11622
2011-10-03,13518
2011-10-04,13528
2011-10-05,13340
2011-10-06,14160
2011-10-07,13446
2011-10-08,12285
2011-10-09,12084
2011-10-10,13105
2011-10-11,13491
2011-10-12,13370
2011-10-13,11321
2011-10-14,14215
2011-10-15,12864
2011-10-16,11655
2011-10-17,13858
2011-10-18,12114
2011-10-19,12258
2011-10-20,11009
2011-10-21,11939
2011-10-22,12011
2011-10-23,13109
2011-10-24,13614
2011-10-25,12802
2011-10-26,12213
2011-10-27,11281
2011-10-28,12512
2011-10-29,12691
2011-10-30,11261
2011-10-31,11738
2011-11-01,12519
2011-11-02,12907
2011-11-03,12854
2011-11-04,15519
2011-11-05,13188
2011-11-06,11308
2011-11-07,12461
2011-11-08,13456
2011-11-09,14080
2011-11-10,14197
2011-11-11,11948
2011-11-12,12027
2011-11-13,12350
2011-11-14,13472
2011-11-15,13899
2011-11-16,12950
2011-11-17,12018
2011-11-18,12204
2011-11-19,9917
2011-11-20,11162
2011-11-21,9946
2011-11-22,11185
2011-11-23,11256
2011-11-24,10697
2011-11-25,11529
2011-11-26,10057
2011-11-27,10582
2011-11-28,12432
2011-11-29,14242
2011-11-30,15160
2011-12-01,13785
2011-12-02,13127
2011-12-03,12591
2011-12-04,11699
2011-12-05,12805
2011-12-06,15021
2011-12-07,12748
2011-12-08,13898
2011-12-09,11494
2011-12-10,11681
2011-12-11,11898
2011-12-12,11074
2011-12-13,11720
2011-12-14,11711
2011-12-15,9857
2011-12-16,10368
2011-12-17,9989
2011-12-18,9675
2011-12-19,12496
2011-12-20,13468
2011-12-21,11594
2011-12-22,11744
2011-12-23,11925
2011-12-24,9947
2011-12-25,11585
2011-12-26,11954
2011-12-27,11532
2011-12-28,10541
2011-12-29,11039
2011-12-30,10248
2011-12-31,10565
2012-01-01,11236
2012-01-02,11711
2012-01-03,12892
2012-01-04,12313
2012-01-05,15079
2012-01-06,14660
2012-01-07,13075
2012-01-08,14463
2012-01-09,14603
2012-01-10,15899
2012-01-11,16746
2012-01-12,13727
2012-01-13,14203
2012-01-14,14435
2012-01-15,13447
2012-01-16,14565
2012-01-17,13984
2012-01-18,14506
2012-01-19,14812
2012-01-20,13929
2012-01-21,13321
2012-01-22,11148
2012-01-23,12942
2012-01-24,14677
2012-01-25,16255
2012-01-26,14203
2012-01-27,14243
2012-01-28,12770
2012-01-29,14033
2012-01-30,13338
2012-01-31,15130
2012-02-01,14596
2012-02-02,15803
2012-02-03,16263
2012-02-04,16089
2012-02-05,14452
2012-02-06,13608
2012-02-07,14491
2012-02-08,14373
2012-02-09,14794
2012-02-10,16196
2012-02-11,14800
2012-02-12,13872
2012-02-13,15826
2012-02-14,18018
2012-02-15,17470
2012-02-16,18226
2012-02-17,13874
2012-02-18,14111
2012-02-19,12827
2012-02-20,13906
2012-02-21,14399
2012-02-22,15893
2012-02-23,17201
2012-02-24,16082
2012-02-25,14764
2012-02-26,12910
2012-02-27,14540
2012-02-28,15968
2012-02-29,15106
2012-03-01,15662
2012-03-02,17302
2012-03-03,12287
2012-03-04,14537
2012-03-05,15736
2012-03-06,14854
2012-03-07,14827
2012-03-08,15214
2012-03-09,15420
2012-03-10,12403
2012-03-11,12263
2012-03-12,13847
2012-03-13,16452
2012-03-14,15718
2012-03-15,14761
2012-03-16,15840
2012-03-17,15645
2012-03-18,13455
2012-03-19,15163
2012-03-20,15555
2012-03-21,15792
2012-03-22,15244
2012-03-23,13836
2012-03-24,13343
2012-03-25,14015
2012-03-26,15458
2012-03-27,15078
2012-03-28,15790
2012-03-29,16585
2012-03-30,14570
2012-03-31,13580
2012-04-01,12288
2012-04-02,14556
2012-04-03,18349
2012-04-04,16248
2012-04-05,16035
2012-04-06,15983
2012-04-07,13881
2012-04-08,13461
2012-04-09,14797
2012-04-10,16985
2012-04-11,18073
2012-04-12,18354
2012-04-13,15342
2012-04-14,16870
2012-04-15,15883
2012-04-16,18672
2012-04-17,18162
2012-04-18,18938
2012-04-19,17241
2012-04-20,18902
2012-04-21,15816
2012-04-22,14332
2012-04-23,16362
2012-04-24,16927
2012-04-25,17046
2012-04-26,18746
2012-04-27,16674
2012-04-28,15491
2012-04-29,15511
2012-04-30,18669
2012-05-01,19553
2012-05-02,19738
2012-05-03,21379
2012-05-04,22183
2012-05-05,19600
2012-05-06,21709
2012-05-07,25239
2012-05-08,23319
2012-05-09,24482
2012-05-10,19967
2012-05-11,25620
2012-05-12,22340
2012-05-13,20210
2012-05-14,31938
2012-05-15,26769
2012-05-16,25164
2012-05-17,22177
2012-05-18,25801
2012-05-19,31204
2012-05-20,29156
2012-05-21,30003
2012-05-22,27099
2012-05-23,29288
2012-05-24,27722
2012-05-25,29679
2012-05-26,25202
2012-05-27,25971
2012-05-28,29204
2012-05-29,33852
2012-05-30,28271
2012-05-31,27990
2012-06-01,28641
2012-06-02,20147
2012-06-03,29986
2012-06-04,41216
2012-06-05,40631
2012-06-06,23805
2012-06-07,35103
2012-06-08,27853
2012-06-09,31138
2012-06-10,33715
2012-06-11,32322
2012-06-12,23425
2012-06-13,46660
2012-06-14,49306
2012-06-15,48786
2012-06-16,39068
2012-06-17,38983
2012-06-18,37231
2012-06-19,35166
2012-06-20,31965
2012-06-21,29385
2012-06-22,28871
2012-06-23,29940
2012-06-24,28314
2012-06-25,33620
2012-06-26,35760
2012-06-27,38613
2012-06-28,32431
2012-06-29,32734
2012-06-30,31554
2012-07-01,31423
2012-07-02,36208
2012-07-03,34450
2012-07-04,31299
2012-07-05,27629
2012-07-06,29007
2012-07-07,30586
2012-07-08,27566
2012-07-09,31855
2012-07-10,36663
2012-07-11,34959
2012-07-12,33950
2012-07-13,31069
2012-07-14,29542
2012-07-15,30150
2012-07-16,36480
2012-07-17,39942
2012-07-18,33961
2012-07-19,35987
2012-07-20,35744
2012-07-21,35328
2012-07-22,38565
2012-07-23,41764
2012-07-24,38118
2012-07-25,31294
2012-07-26,30450
2012-07-27,31981
2012-07-28,38226
2012-07-29,35670
2012-07-30,35873
2012-07-31,58461
2012-08-01,40444
2012-08-02,41790
2012-08-03,36044
2012-08-04,35592
2012-08-05,37649
2012-08-06,42010
2012-08-07,38843
2012-08-08,51631
2012-08-09,40076
2012-08-10,38272
2012-08-11,38145
2012-08-12,38754
2012-08-13,48346
2012-08-14,42466
2012-08-15,50083
2012-08-16,61393
2012-08-17,56421
2012-08-18,51347
2012-08-19,57765
2012-08-20,47086
2012-08-21,54035
2012-08-22,49160
2012-08-23,43426
2012-08-24,44537
2012-08-25,36293
2012-08-26,34302
2012-08-27,38120
2012-08-28,39571
2012-08-29,39198
2012-08-30,33833
2012-08-31,48940
2012-09-01,44661
2012-09-02,34622
2012-09-03,32887
2012-09-04,45684
2012-09-05,41154
2012-09-06,46513
2012-09-07,43775
2012-09-08,33451
2012-09-09,39828
2012-09-10,36987
2012-09-11,44977
2012-09-12,33735
2012-09-13,34764
2012-09-14,37932
2012-09-15,29929
2012-09-16,31331
2012-09-17,32669
2012-09-18,38396
2012-09-19,42531
2012-09-20,46945
2012-09-21,38624
2012-09-22,27040
2012-09-23,28402
2012-09-24,33183
2012-09-25,42947
2012-09-26,48024
2012-09-27,41821
2012-09-28,49668
2012-09-29,38171
2012-09-30,34244
2012-10-01,37664
2012-10-02,52914
2012-10-03,49860
2012-10-04,50916
2012-10-05,44812
2012-10-06,38621
2012-10-07,43138
2012-10-08,47395
2012-10-09,51875
2012-10-10,47107
2012-10-11,40943
2012-10-12,44520
2012-10-13,39098
2012-10-14,38310
2012-10-15,46149
2012-10-16,42783
2012-10-17,44573
2012-10-18,50802
2012-10-19,44293
2012-10-20,43667
2012-10-21,38510
2012-10-22,41337
2012-10-23,41187
2012-10-24,41610
2012-10-25,39129
2012-10-26,37529
2012-10-27,29468
2012-10-28,27405
2012-10-29,35431
2012-10-30,33919
2012-10-31,32591
2012-11-01,31492
2012-11-02,32898
2012-11-03,32479
2012-11-04,30435
2012-11-05,37350
2012-11-06,40901
2012-11-07,43234
2012-11-08,37417
2012-11-09,36670
2012-11-10,34486
2012-11-11,29909
2012-11-12,31306
2012-11-13,32445
2012-11-14,37514
2012-11-15,46043
2012-11-16,48044
2012-11-17,52656
2012-11-18,42685
2012-11-19,41943
2012-11-20,43647
2012-11-21,43864
2012-11-22,41087
2012-11-23,34869
2012-11-24,36768
2012-11-25,35997
2012-11-26,41043
2012-11-27,38330
2012-11-28,43608
2012-11-29,41690
2012-11-30,36891
2012-12-01,34392
2012-12-02,27546
2012-12-03,29928
2012-12-04,42093
2012-12-05,44265
2012-12-06,40947
2012-12-07,40671
2012-12-08,38064
2012-12-09,38608
2012-12-10,35642
2012-12-11,36780
2012-12-12,42399
2012-12-13,45850
2012-12-14,41453
2012-12-15,34372
2012-12-16,35514
2012-12-17,40773
2012-12-18,47848
2012-12-19,43487
2012-12-20,39263
2012-12-21,46086
2012-12-22,55026
2012-12-23,39677
2012-12-24,39787
2012-12-25,30042
2012-12-26,37901
2012-12-27,36205
2012-12-28,42099
2012-12-29,39741
2012-12-30,45548
2012-12-31,34520
2013-01-01,37576
2013-01-02,42904
2013-01-03,51040
2013-01-04,47120
2013-01-05,53310
2013-01-06,41980
2013-01-07,53638
2013-01-08,55819
2013-01-09,55904
2013-01-10,60972
2013-01-11,60818
2013-01-12,50555
2013-01-13,55319
2013-01-14,43991
2013-01-15,57365
2013-01-16,58213
2013-01-17,58741
2013-01-18,57028
2013-01-19,49029
2013-01-20,45889
2013-01-21,45748
2013-01-22,53219
2013-01-23,47082
2013-01-24,60473
2013-01-25,49483
2013-01-26,54329
2013-01-27,49360
2013-01-28,54027
2013-01-29,55358
2013-01-30,44313
2013-01-31,47519
2013-02-01,64171
2013-02-02,56418
2013-02-03,57165
2013-02-04,57162
2013-02-05,59718
2013-02-06,53365
2013-02-07,58185
2013-02-08,59968
2013-02-09,56105
2013-02-10,57298
2013-02-11,52067
2013-02-12,51739
2013-02-13,52955
2013-02-14,51234
2013-02-15,49827
2013-02-16,46889
2013-02-17,45234
2013-02-18,46989
2013-02-19,49143
2013-02-20,50750
2013-02-21,50373
2013-02-22,54225
2013-02-23,51150
2013-02-24,51984
2013-02-25,56277
2013-02-26,58590
2013-02-27,54764
2013-02-28,59770
2013-03-01,62810
2013-03-02,48976
2013-03-03,45983
2013-03-04,53458
2013-03-05,57179
2013-03-06,68824
2013-03-07,66119
2013-03-08,56472
2013-03-09,53963
2013-03-10,56699
2013-03-11,53259
2013-03-12,59584
2013-03-13,62958
2013-03-14,60824
2013-03-15,63236
2013-03-16,50667
2013-03-17,51567
2013-03-18,58484
2013-03-19,68502
2013-03-20,62525
2013-03-21,69452
2013-03-22,74782
2013-03-23,66611
2013-03-24,68953
2013-03-25,65856
2013-03-26,72909
2013-03-27,72423
2013-03-28,94189
2013-03-29,82948
2013-03-30,77727
2013-03-31,64028
2013-04-01,75616
2013-04-02,91653
2013-04-03,106993
2013-04-04,108574
2013-04-05,99650
2013-04-06,78368
2013-04-07,76855
2013-04-08,111694
2013-04-09,111535
2013-04-10,132851
2013-04-11,124091
2013-04-12,102479
2013-04-13,82353
2013-04-14,70789
2013-04-15,99761
2013-04-16,99838
2013-04-17,104663
2013-04-18,81492
2013-04-19,104375
2013-04-20,74049
2013-04-21,69217
2013-04-22,91101
2013-04-23,92958
2013-04-24,101871
2013-04-25,89926
2013-04-26,85471
2013-04-27,77611
2013-04-28,117303
2013-04-29,86416
2013-04-30,76293
2013-05-01,83081
2013-05-02,81438
2013-05-03,82212
2013-05-04,69220
2013-05-05,72087
2013-05-06,84604
2013-05-07,108307
2013-05-08,102370
2013-05-09,81435
2013-05-10,83782
2013-05-11,80405
2013-05-12,69434
2013-05-13,82055
2013-05-14,83134
2013-05-15,84133
2013-05-16,83468
2013-05-17,78254
2013-05-18,68148
2013-05-19,63554
2013-05-20,71054
2013-05-21,82013
2013-05-22,74157
2013-05-23,82617
2013-05-24,84226
2013-05-25,68992
2013-05-26,68949
2013-05-27,73840
2013-05-28,75630
2013-05-29,79893
2013-05-30,77617
2013-05-31,74800
2013-06-01,67501
2013-06-02,65100
2013-06-03,79322
2013-06-04,78377
2013-06-05,78094
2013-06-06,72638
2013-06-07,73635
2013-06-08,57661
2013-06-09,56476
2013-06-10,60389
2013-06-11,66519
2013-06-12,63306
2013-06-13,66189
2013-06-14,75093
2013-06-15,53683
2013-06-16,48620
2013-06-17,56328
2013-06-18,63023
2013-06-19,68954
2013-06-20,67460
2013-06-21,68914
2013-06-22,58316
2013-06-23,51464
2013-06-24,64617
2013-06-25,61140
2013-06-26,64856
2013-06-27,60540
2013-06-28,68414
2013-06-29,60472
2013-06-30,50013
2013-07-01,68188
2013-07-02,63990
2013-07-03,65323
2013-07-04,60589
2013-07-05,59926
2013-07-06,56244
2013-07-07,48536
2013-07-08,62653
2013-07-09,67527
2013-07-10,64425
2013-07-11,73236
2013-07-12,78304
2013-07-13,62660
2013-07-14,48156
2013-07-15,61935
2013-07-16,65774
2013-07-17,62758
2013-07-18,62816
2013-07-19,58403
2013-07-20,52222
2013-07-21,50896
2013-07-22,60182
2013-07-23,64111
2013-07-24,65371
2013-07-25,66063
2013-07-26,62138
2013-07-27,52015
2013-07-28,48780
2013-07-29,67073
2013-07-30,69427
2013-07-31,80747
2013-08-01,113868
2013-08-02,74488
2013-08-03,60156
2013-08-04,59890
2013-08-05,72861
2013-08-06,71140
2013-08-07,75191
2013-08-08,72000
2013-08-09,64206
2013-08-10,58869
2013-08-11,53717
2013-08-12,102981
2013-08-13,74634
2013-08-14,77824
2013-08-15,75437
2013-08-16,82054
2013-08-17,61149
2013-08-18,57077
2013-08-19,78276
2013-08-20,79505
2013-08-21,82403
2013-08-22,83541
2013-08-23,81474
2013-08-24,63882
2013-08-25,68288
2013-08-26,75324
2013-08-27,94795
2013-08-28,83460
2013-08-29,74482
2013-08-30,89174
2013-08-31,87682
2013-09-01,56486
2013-09-02,62249
2013-09-03,71626
2013-09-04,76638
2013-09-05,70190
2013-09-06,72736
2013-09-07,62302
2013-09-08,56286
2013-09-09,73733
2013-09-10,70244
2013-09-11,74222
2013-09-12,76774
2013-09-13,66075
2013-09-14,53374
2013-09-15,54383
2013-09-16,69484
2013-09-17,72701
2013-09-18,78745
2013-09-19,78751
2013-09-20,76772
2013-09-21,65839
2013-09-22,63063
2013-09-23,79986
2013-09-24,77850
2013-09-25,77988
2013-09-26,77742
2013-09-27,77596
2013-09-28,68316
2013-09-29,70772
2013-09-30,79854
2013-10-01,89218
2013-10-02,105303
2013-10-03,89993
2013-10-04,77370
2013-10-05,64961
2013-10-06,60512
2013-10-07,76050
2013-10-08,75519
2013-10-09,80026
2013-10-10,79814
2013-10-11,79150
2013-10-12,66189
2013-10-13,86718
2013-10-14,81570
2013-10-15,84704
2013-10-16,92553
2013-10-17,80595
2013-10-18,85159
2013-10-19,91726
2013-10-20,72841
2013-10-21,95520
2013-10-22,108902
2013-10-23,107064
2013-10-24,111582
2013-10-25,100390
2013-10-26,72818
2013-10-27,64388
2013-10-28,85464
2013-10-29,84684
2013-10-30,94473
2013-10-31,95831
2013-11-01,85764
2013-11-02,76960
2013-11-03,81980
2013-11-04,99449
2013-11-05,116561
2013-11-06,130148
2013-11-07,129202
2013-11-08,129769
2013-11-09,129144
2013-11-10,115715
2013-11-11,114927
2013-11-12,115057
2013-11-13,122181
2013-11-14,132459
2013-11-15,118695
2013-11-16,102572
2013-11-17,106668
2013-11-18,163680
2013-11-19,206980
2013-11-20,164365
2013-11-21,187781
2013-11-22,164716
2013-11-23,149482
2013-11-24,123604
2013-11-25,142032
2013-11-26,178735
2013-11-27,197974
2013-11-28,200988
2013-11-29,188638
2013-11-30,162746
2013-12-01,165741
2013-12-02,176727
2013-12-03,172692
2013-12-04,182763
2013-12-05,182715
2013-12-06,167765
2013-12-07,148960
2013-12-08,113253
2013-12-09,155386
2013-12-10,152729
2013-12-11,151480
2013-12-12,128765
2013-12-13,143726
2013-12-14,147127
2013-12-15,139100
2013-12-16,175647
2013-12-17,156965
2013-12-18,179980
2013-12-19,155885
2013-12-20,152391
2013-12-21,125334
2013-12-22,122324
2013-12-23,151429
2013-12-24,127770
2013-12-25,128733
2013-12-26,121372
2013-12-27,124149
2013-12-28,114541
2013-12-29,127888
2013-12-30,150364
2013-12-31,116734
2014-01-01,94589
2014-01-02,135242
2014-01-03,141063
2014-01-04,115579
2014-01-05,134235
2014-01-06,176975
2014-01-07,140702
2014-01-08,145049
2014-01-09,132972
2014-01-10,124371
2014-01-11,128823
2014-01-12,114282
2014-01-13,150180
2014-01-14,129740
2014-01-15,130805
2014-01-16,130710
2014-01-17,128263
2014-01-18,106150
2014-01-19,108455
2014-01-20,178427
2014-01-21,157839
2014-01-22,150561
2014-01-23,149153
2014-01-24,140660
2014-01-25,124761
2014-01-26,124218
2014-01-27,169080
2014-01-28,156954
2014-01-29,138883
2014-01-30,149694
2014-01-31,147160
2014-02-01,133917
2014-02-02,132776
2014-02-03,170376
2014-02-04,167699
2014-02-05,154153
2014-02-06,160867
2014-02-07,163329
2014-02-08,147237
2014-02-09,126663
2014-02-10,169073
2014-02-11,152277
2014-02-12,213083
2014-02-13,162451
2014-02-14,174659
2014-02-15,149250
2014-02-16,126181
2014-02-17,179060
2014-02-18,155998
2014-02-19,174809
2014-02-20,178713
2014-02-21,177966
2014-02-22,153118
2014-02-23,161071
2014-02-24,213025
2014-02-25,208076
2014-02-26,200167
2014-02-27,182647
2014-02-28,195028
2014-03-01,180547
2014-03-02,158859
2014-03-03,235496
2014-03-04,231057
2014-03-05,200783
2014-03-06,194730
2014-03-07,179768
2014-03-08,170285
2014-03-09,172945
2014-03-10,207866
2014-03-11,188912
2014-03-12,202349
2014-03-13,192686
2014-03-14,192086
2014-03-15,146351
2014-03-16,139668
2014-03-17,187889
2014-03-18,141025
2014-03-19,163345
2014-03-20,165478
2014-03-21,187929
2014-03-22,168555
2014-03-23,147986
2014-03-24,192166
2014-03-25,166188
2014-03-26,168544
2014-03-27,181406
2014-03-28,181617
2014-03-29,143211
2014-03-30,166305
2014-03-31,169533
2014-04-01,178536
2014-04-02,178051
2014-04-03,168803
2014-04-04,176906
2014-04-05,152433
2014-04-06,183298
2014-04-07,158520
2014-04-08,164922
2014-04-09,177406
2014-04-10,180987
2014-04-11,167323
2014-04-12,130830
2014-04-13,170630
2014-04-14,181682
2014-04-15,197395
2014-04-16,183827
2014-04-17,156427
2014-04-18,147504
2014-04-19,139964
2014-04-20,163159
2014-04-21,140648
2014-04-22,182084
2014-04-23,154429
2014-04-24,165157
2014-04-25,180417
2014-04-26,133998
2014-04-27,171493
2014-04-28,166184
2014-04-29,168229
2014-04-30,165611
2014-05-01,152948
2014-05-02,142884
2014-05-03,115635
2014-05-04,155297
2014-05-05,147303
2014-05-06,167404
2014-05-07,160837
2014-05-08,166644
2014-05-09,161746
2014-05-10,134886
2014-05-11,164721
2014-05-12,153434
2014-05-13,147431
2014-05-14,159099
2014-05-15,175329
2014-05-16,153634
2014-05-17,147231
2014-05-18,175993
2014-05-19,184495
2014-05-20,189650
2014-05-21,156386
2014-05-22,161718
2014-05-23,174275
2014-05-24,123999
2014-05-25,186437
2014-05-26,170136
2014-05-27,178068
2014-05-28,183187
2014-05-29,171379
2014-05-30,151497
2014-05-31,146223
2014-06-01,190183
2014-06-02,174907
2014-06-03,185629
2014-06-04,169483
2014-06-05,181464
2014-06-06,173172
2014-06-07,138974
2014-06-08,172445
2014-06-09,165041
2014-06-10,177636
2014-06-11,172773
2014-06-12,174202
2014-06-13,173372
2014-06-14,148511
2014-06-15,175444
2014-06-16,176770
2014-06-17,184315
2014-06-18,166486
2014-06-19,157590
2014-06-20,154139
2014-06-21,152411
2014-06-22,182612
2014-06-23,162885
2014-06-24,174560
2014-06-25,174008
2014-06-26,158470
2014-06-27,166487
2014-06-28,142577
2014-06-29,172728
2014-06-30,182040
2014-07-01,185778
2014-07-02,180969
2014-07-03,160538
2014-07-04,143913
2014-07-05,127629
2014-07-06,182661
2014-07-07,185048
2014-07-08,213384
2014-07-09,183739
2014-07-10,170485
2014-07-11,169567
2014-07-12,153451
2014-07-13,187805
2014-07-14,161722
2014-07-15,177933
2014-07-16,165672
2014-07-17,173737
2014-07-18,168880
2014-07-19,150518
2014-07-20,186124
2014-07-21,162547
2014-07-22,165840
2014-07-23,176062
2014-07-24,177018
2014-07-25,175686
2014-07-26,137797
2014-07-27,182039
2014-07-28,173267
2014-07-29,165276
2014-07-30,181446
2014-07-31,180077
2014-08-01,173854
2014-08-02,140634
2014-08-03,169777
2014-08-04,174711
2014-08-05,198709
2014-08-06,203048
2014-08-07,179001
2014-08-08,172589
2014-08-09,150418
2014-08-10,198541
2014-08-11,194982
2014-08-12,198559
2014-08-13,196751
2014-08-14,196303
2014-08-15,193369
2014-08-16,182001
2014-08-17,199895
2014-08-18,193551
2014-08-19,186742
2014-08-20,186533
2014-08-21,193041
2014-08-22,181866
2014-08-23,149430
2014-08-24,205473
2014-08-25,179545
2014-08-26,189311
2014-08-27,187462
2014-08-28,192337
2014-08-29,165382
2014-08-30,165409
2014-08-31,190870
2014-09-01,191219
2014-09-02,188533
2014-09-03,171662
2014-09-04,178738
2014-09-05,183413
2014-09-06,155567
2014-09-07,233573
2014-09-08,191970
2014-09-09,232746
2014-09-10,228442
2014-09-11,172991
2014-09-12,167772
2014-09-13,152870
2014-09-14,237392
2014-09-15,191596
2014-09-16,219181
2014-09-17,192638
2014-09-18,192303
2014-09-19,169742
2014-09-20,167810
2014-09-21,203096
2014-09-22,204349
2014-09-23,198231
2014-09-24,188601
2014-09-25,199143
2014-09-26,180377
2014-09-27,169657
2014-09-28,234325
2014-09-29,193444
2014-09-30,218874
2014-10-01,211528
2014-10-02,183203
2014-10-03,175552
2014-10-04,164357
2014-10-05,248102
2014-10-06,188717
2014-10-07,202878
2014-10-08,191352
2014-10-09,187811
2014-10-10,198926
2014-10-11,163626
2014-10-12,244368
2014-10-13,207708
2014-10-14,215032
2014-10-15,209631
2014-10-16,184002
2014-10-17,183728
2014-10-18,175209
2014-10-19,230810
2014-10-20,200402
2014-10-21,209075
2014-10-22,200831
2014-10-23,197748
2014-10-24,187021
2014-10-25,209967
2014-10-26,212801
2014-10-27,221787
2014-10-28,203256
2014-10-29,199946
2014-10-30,204701
2014-10-31,202798
2014-11-01,172818
2014-11-02,268223
2014-11-03,209994
2014-11-04,203551
2014-11-05,201322
2014-11-06,225732
2014-11-07,221480
2014-11-08,166466
2014-11-09,249442
2014-11-10,210763
2014-11-11,201465
2014-11-12,226543
2014-11-13,215581
2014-11-14,220912
2014-11-15,177416
2014-11-16,247506
2014-11-17,212707
2014-11-18,207572
2014-11-19,200483
2014-11-20,213590
2014-11-21,198447
2014-11-22,178429
2014-11-23,246798
2014-11-24,208042
2014-11-25,210768
2014-11-26,198224
2014-11-27,212279
2014-11-28,207739
2014-11-29,186109
2014-11-30,277614
2014-12-01,215495
2014-12-02,253874
2014-12-03,231606
2014-12-04,224341
2014-12-05,223986
2014-12-06,190716
2014-12-07,256517
2014-12-08,245438
2014-12-09,221190
2014-12-10,224773
2014-12-11,216998
2014-12-12,219435
2014-12-13,184805
2014-12-14,281754
2014-12-15,242791
2014-12-16,255817
2014-12-17,245097
2014-12-18,240244
2014-12-19,223787
2014-12-20,252813
2014-12-21,236906
2014-12-22,258713
2014-12-23,244775
2014-12-24,189656
2014-12-25,165986
2014-12-26,187476
2014-12-27,209802
2014-12-28,267702
2014-12-29,199651
2014-12-30,209222
2014-12-31,179915
2015-01-01,141053
2015-01-02,208256
2015-01-03,243885
2015-01-04,242183
2015-01-05,241844
2015-01-06,214243
2015-01-07,202751
2015-01-08,230723
2015-01-09,238752
2015-01-10,272269
2015-01-11,250233
2015-01-12,220428
2015-01-13,255331
2015-01-14,252000
2015-01-15,264141
2015-01-16,242869
2015-01-17,278425
2015-01-18,244983
2015-01-19,253267
2015-01-20,226129
2015-01-21,225539
2015-01-22,223559
2015-01-23,215453
2015-01-24,204912
2015-01-25,320544
2015-01-26,261120
2015-01-27,250796
2015-01-28,200221
2015-01-29,213560
2015-01-30,193692
2015-01-31,276472
2015-02-01,250937
2015-02-02,226432
2015-02-03,240736
2015-02-04,231084
2015-02-05,215084
2015-02-06,232338
2015-02-07,195166
2015-02-08,292215
2015-02-09,231491
2015-02-10,231734
2015-02-11,233426
2015-02-12,231138
2015-02-13,308441
2015-02-14,261960
2015-02-15,347674
2015-02-16,265743
2015-02-17,272269
2015-02-18,249911
2015-02-19,213790
2015-02-20,248078
2015-02-21,271106
2015-02-22,273313
2015-02-23,250312
2015-02-24,236075
2015-02-25,231371
2015-02-26,226815
2015-02-27,241012
2015-02-28,282027
2015-03-01,276357
2015-03-02,282203
2015-03-03,267105
2015-03-04,241109
2015-03-05,257007
2015-03-06,236856
2015-03-07,256258
2015-03-08,269010
2015-03-09,259330
2015-03-10,249377
2015-03-11,251449
2015-03-12,247135
2015-03-13,241493
2015-03-14,259425
2015-03-15,255658
2015-03-16,261560
2015-03-17,225723
2015-03-18,250127
2015-03-19,269390
2015-03-20,238534
2015-03-21,244860
2015-03-22,273623
2015-03-23,260579
2015-03-24,222131
2015-03-25,223820
2015-03-26,230393
2015-03-27,231983
2015-03-28,236238
2015-03-29,278745
2015-03-30,259574
2015-03-31,267708
2015-04-01,267874
2015-04-02,260145
2015-04-03,237447
2015-04-04,249094
2015-04-05,269264
2015-04-06,248717
2015-04-07,261904
2015-04-08,254951
2015-04-09,246680
2015-04-10,257423
2015-04-11,270733
2015-04-12,254967
2015-04-13,274722
2015-04-14,257890
2015-04-15,226461
2015-04-16,225817
2015-04-17,231643
2015-04-18,251797
2015-04-19,270032
2015-04-20,249563
2015-04-21,245269
2015-04-22,262585
2015-04-23,262719
2015-04-24,259408
2015-04-25,265437
2015-04-26,274844
2015-04-27,254909
2015-04-28,254137
2015-04-29,260698
2015-04-30,245968
2015-05-01,222745
2015-05-02,268048
2015-05-03,247478
2015-05-04,257173
2015-05-05,262609
2015-05-06,271987
2015-05-07,261264
2015-05-08,296068
2015-05-09,234770
2015-05-10,270181
2015-05-11,266033
2015-05-12,273863
2015-05-13,248544
2015-05-14,237771
2015-05-15,246249
2015-05-16,263189
2015-05-17,259001
2015-05-18,245347
2015-05-19,255285
2015-05-20,256932
2015-05-21,237415
2015-05-22,246875
2015-05-23,221645
2015-05-24,288673
2015-05-25,260187
2015-05-26,270564
2015-05-27,260321
2015-05-28,255874
2015-05-29,293321
2015-05-30,310793
2015-05-31,294881
2015-06-01,310466
2015-06-02,306627
2015-06-03,292587
2015-06-04,277168
2015-06-05,264050
2015-06-06,267406
2015-06-07,260400
2015-06-08,247864
2015-06-09,282605
2015-06-10,360702
2015-06-11,283446
2015-06-12,300369
2015-06-13,282277
2015-06-14,290642
2015-06-15,320698
2015-06-16,280181
2015-06-17,322850
2015-06-18,282417
2015-06-19,294648
2015-06-20,263083
2015-06-21,280816
2015-06-22,265745
2015-06-23,300853
2015-06-24,267798
2015-06-25,231660
2015-06-26,291029
2015-06-27,295366
2015-06-28,272245
2015-06-29,289714
2015-06-30,313478
2015-07-01,308851
2015-07-02,315535
2015-07-03,301043
2015-07-04,276423
2015-07-05,307139
2015-07-06,341638
2015-07-07,324535
2015-07-08,322632
2015-07-09,327481
2015-07-10,321441
2015-07-11,319286
2015-07-12,318924
2015-07-13,296078
2015-07-14,284642
2015-07-15,274614
2015-07-16,275276
2015-07-17,252952
2015-07-18,256839
2015-07-19,289591
2015-07-20,283549
2015-07-21,305890
2015-07-22,294750
2015-07-23,256065
2015-07-24,272910
2015-07-25,243517
2015-07-26,298289
2015-07-27,284824
2015-07-28,297652
2015-07-29,320946
2015-07-30,275749
2015-07-31,303066
2015-08-01,298217
2015-08-02,298112
2015-08-03,297939
2015-08-04,292546
2015-08-05,316448
2015-08-06,295316
2015-08-07,272698
2015-08-08,272741
2015-08-09,267531
2015-08-10,292493
2015-08-11,268340
2015-08-12,277300
2015-08-13,275714
2015-08-14,272154
2015-08-15,267994
2015-08-16,279064
2015-08-17,283517
2015-08-18,301545
2015-08-19,287773
2015-08-20,276994
2015-08-21,281754
2015-08-22,297466
2015-08-23,287767
2015-08-24,307648
2015-08-25,288087
2015-08-26,284593
2015-08-27,277246
2015-08-28,297172
2015-08-29,287424
2015-08-30,284453
2015-08-31,304369
2015-09-01,307714
2015-09-02,290242
2015-09-03,302349
2015-09-04,265409
2015-09-05,318433
2015-09-06,294300
2015-09-07,317383
2015-09-08,334224
2015-09-09,302786
2015-09-10,286401
2015-09-11,316636
2015-09-12,274291
2015-09-13,322264
2015-09-14,307621
2015-09-15,326571
2015-09-16,298636
2015-09-17,316808
2015-09-18,314185
2015-09-19,270846
2015-09-20,341327
2015-09-21,350548
2015-09-22,355307
2015-09-23,294614
2015-09-24,295353
2015-09-25,294645
2015-09-26,309596
2015-09-27,326485
2015-09-28,302523
2015-09-29,353131
2015-09-30,329187
2015-10-01,297779
2015-10-02,311462
2015-10-03,259500
2015-10-04,306142
2015-10-05,290435
2015-10-06,325474
2015-10-07,308295
2015-10-08,313657
2015-10-09,265546
2015-10-10,323682
2015-10-11,294367
2015-10-12,309401
2015-10-13,305841
2015-10-14,309666
2015-10-15,365525
2015-10-16,335817
2015-10-17,370125
2015-10-18,334489
2015-10-19,348797
2015-10-20,400660
2015-10-21,356322
2015-10-22,344190
2015-10-23,369912
2015-10-24,376751
2015-10-25,372818
2015-10-26,375551
2015-10-27,355008
2015-10-28,350473
2015-10-29,382381
2015-10-30,378760
2015-10-31,367173
2015-11-01,392441
2015-11-02,396772
2015-11-03,448401
2015-11-04,497124
2015-11-05,445200
2015-11-06,430967
2015-11-07,365962
2015-11-08,377531
2015-11-09,418051
2015-11-10,394208
2015-11-11,374758
2015-11-12,369836
2015-11-13,357904
2015-11-14,386377
2015-11-15,417968
2015-11-16,401644
2015-11-17,380404
2015-11-18,412870
2015-11-19,357549
2015-11-20,357569
2015-11-21,374512
2015-11-22,376176
2015-11-23,341924
2015-11-24,384095
2015-11-25,363871
2015-11-26,386584
2015-11-27,359064
2015-11-28,413495
2015-11-29,321245
2015-11-30,488961
2015-12-01,412893
2015-12-02,427129
2015-12-03,360567
2015-12-04,417637
2015-12-05,456367
2015-12-06,429350
2015-12-07,435592
2015-12-08,454850
2015-12-09,490150
2015-12-10,492671
2015-12-11,460370
2015-12-12,531388
2015-12-13,477834
2015-12-14,528439
2015-12-15,494141
2015-12-16,483153
2015-12-17,456874
2015-12-18,451606
2015-12-19,504568
2015-12-20,473920
2015-12-21,502091
2015-12-22,485631
2015-12-23,471564
2015-12-24,448456
2015-12-25,377220
2015-12-26,419588
2015-12-27,406022
2015-12-28,411148
2015-12-29,414757
2015-12-30,405363
2015-12-31,355015
2016-01-01,316489
2016-01-02,419389
2016-01-03,394047
2016-01-04,418253
2016-01-05,434786
2016-01-06,379343
2016-01-07,429901
2016-01-08,413695
2016-01-09,450544
2016-01-10,432601
2016-01-11,447870
2016-01-12,456620
2016-01-13,425758
2016-01-14,427593
2016-01-15,415698
2016-01-16,501322
2016-01-17,536248
2016-01-18,472900
2016-01-19,418853
2016-01-20,625316
2016-01-21,516423
2016-01-22,501585
2016-01-23,473138
2016-01-24,487369
2016-01-25,517054
2016-01-26,533660
2016-01-27,529064
2016-01-28,522079
2016-01-29,531398
2016-01-30,497442
2016-01-31,479995
2016-02-01,600305
2016-02-02,688691
2016-02-03,542778
2016-02-04,463655
2016-02-05,505350
2016-02-06,484549
2016-02-07,525120
2016-02-08,473864
2016-02-09,506994
2016-02-10,496405
2016-02-11,497552
2016-02-12,471634
2016-02-13,445514
2016-02-14,494377
2016-02-15,498017
2016-02-16,479770
2016-02-17,539591
2016-02-18,495709
2016-02-19,509829
2016-02-20,500207
2016-02-21,522161
2016-02-22,538684
2016-02-23,545937
2016-02-24,468936
2016-02-25,525409
2016-02-26,474680
2016-02-27,475375
2016-02-28,488757
2016-02-29,562740
2016-03-01,564995
2016-03-02,557668
2016-03-03,567143
2016-03-04,526315
2016-03-05,520919
2016-03-06,417030
2016-03-07,409449
2016-03-08,465704
2016-03-09,510416
2016-03-10,440699
2016-03-11,424425
2016-03-12,376513
2016-03-13,426281
2016-03-14,455848
2016-03-15,448820
2016-03-16,446553
2016-03-17,477259
2016-03-18,437534
2016-03-19,423208
2016-03-20,437331
2016-03-21,437483
2016-03-22,464578
2016-03-23,432354
2016-03-24,428031
2016-03-25,399982
2016-03-26,457003
2016-03-27,425275
2016-03-28,516144
2016-03-29,668511
2016-03-30,480360
2016-03-31,419561
2016-04-01,505104
2016-04-02,477350
2016-04-03,466404
2016-04-04,487207
2016-04-05,460767
2016-04-06,478871
2016-04-07,446187
2016-04-08,440780
2016-04-09,423703
2016-04-10,435393
2016-04-11,477737
2016-04-12,511753
2016-04-13,495146
2016-04-14,470238
2016-04-15,436651
2016-04-16,409216
2016-04-17,477960
2016-04-18,478489
2016-04-19,480057
2016-04-20,465306
2016-04-21,477570
2016-04-22,440126
2016-04-23,434639
2016-04-24,457449
2016-04-25,495014
2016-04-26,524703
2016-04-27,471927
2016-04-28,460490
2016-04-29,516576
2016-04-30,440355
2016-05-01,431028
2016-05-02,483597
2016-05-03,466127
2016-05-04,499184
2016-05-05,457948
2016-05-06,454712
2016-05-07,418984
2016-05-08,440122
2016-05-09,485970
2016-05-10,495890
2016-05-11,471605
2016-05-12,453460
2016-05-13,458960
2016-05-14,459057
2016-05-15,424158
2016-05-16,511723
2016-05-17,479746
2016-05-18,510825
2016-05-19,460695
2016-05-20,444368
2016-05-21,503197
2016-05-22,445646
2016-05-23,516358
2016-05-24,515715
2016-05-25,492132
2016-05-26,460119
2016-05-27,529629
2016-05-28,481777
2016-05-29,427677
2016-05-30,548428
2016-05-31,477702
2016-06-01,508349
2016-06-02,478264
2016-06-03,495826
2016-06-04,447381
2016-06-05,463360
2016-06-06,511057
2016-06-07,510788
2016-06-08,482252
2016-06-09,525133
2016-06-10,506014
2016-06-11,466106
2016-06-12,519537
2016-06-13,577237
2016-06-14,526640
2016-06-15,594504
2016-06-16,582321
2016-06-17,586033
2016-06-18,561720
2016-06-19,514828
2016-06-20,563274
2016-06-21,592429
2016-06-22,546584
2016-06-23,549072
2016-06-24,547541
2016-06-25,529704
2016-06-26,501696
2016-06-27,483509
2016-06-28,541035
2016-06-29,466163
2016-06-30,506953
2016-07-01,494871
2016-07-02,445951
2016-07-03,429458
2016-07-04,504368
2016-07-05,487939
2016-07-06,465231
2016-07-07,467374
2016-07-08,463178
2016-07-09,438208
2016-07-10,399912
2016-07-11,492772
2016-07-12,476690
2016-07-13,452752
2016-07-14,475078
2016-07-15,452538
2016-07-16,467762
2016-07-17,434158
2016-07-18,496551
2016-07-19,468850
2016-07-20,477662
2016-07-21,446237
2016-07-22,467736
2016-07-23,447387
2016-07-24,433698
2016-07-25,498657
2016-07-26,507446
2016-07-27,476951
2016-07-28,494957
2016-07-29,465289
2016-07-30,450520
2016-07-31,492070
2016-08-01,515913
2016-08-02,537971
2016-08-03,517150
2016-08-04,488324
2016-08-05,476990
2016-08-06,425125
2016-08-07,447566
2016-08-08,530880
2016-08-09,491059
2016-08-10,531267
2016-08-11,531336
2016-08-12,491187
2016-08-13,455316
2016-08-14,455985
2016-08-15,500678
2016-08-16,537430
2016-08-17,523661
2016-08-18,528968
2016-08-19,508742
2016-08-20,495530
2016-08-21,446787
2016-08-22,526721
2016-08-23,512415
2016-08-24,513938
2016-08-25,489481
2016-08-26,483670
2016-08-27,456254
2016-08-28,427988
2016-08-29,500178
2016-08-30,548989
2016-08-31,497975
2016-09-01,486446
2016-09-02,477616
2016-09-03,464600
2016-09-04,438963
2016-09-05,541913
2016-09-06,519335
2016-09-07,525769
2016-09-08,500348
2016-09-09,491665
2016-09-10,445997
2016-09-11,458622
2016-09-12,510497
2016-09-13,530326
2016-09-14,491546
2016-09-15,494399
2016-09-16,474532
2016-09-17,509402
2016-09-18,463459
2016-09-19,505144
2016-09-20,533332
2016-09-21,514298
2016-09-22,496580
2016-09-23,488851
2016-09-24,473845
2016-09-25,465826
2016-09-26,540149
2016-09-27,549231
2016-09-28,546880
2016-09-29,553098
2016-09-30,559461
2016-10-01,498317
2016-10-02,462246
2016-10-03,628726
2016-10-04,600984
2016-10-05,585512
2016-10-06,621267
2016-10-07,577183
2016-10-08,549357
2016-10-09,509881
2016-10-10,514272
2016-10-11,601459
2016-10-12,544757
2016-10-13,547633
2016-10-14,531872
2016-10-15,501357
2016-10-16,482303
2016-10-17,550425
2016-10-18,588289
2016-10-19,459857
2016-10-20,624193
2016-10-21,584314
2016-10-22,524405
2016-10-23,525329
2016-10-24,581644
2016-10-25,617967
2016-10-26,613888
2016-10-27,721672
2016-10-28,570185
2016-10-29,541658
2016-10-30,472367
2016-10-31,579841
2016-11-01,602345
2016-11-02,584844
2016-11-03,593303
2016-11-04,547555
2016-11-05,555964
2016-11-06,519654
2016-11-07,628563
2016-11-08,662881
2016-11-09,614660
2016-11-10,611570
2016-11-11,557444
2016-11-12,571720
2016-11-13,539160
2016-11-14,632882
2016-11-15,652996
2016-11-16,615878
2016-11-17,627323
2016-11-18,625425
2016-11-19,578672
2016-11-20,579386
2016-11-21,609504
2016-11-22,609054
2016-11-23,646177
2016-11-24,734914
2016-11-25,682529
2016-11-26,664278
2016-11-27,571832
2016-11-28,708783
2016-11-29,649937
2016-11-30,636876
2016-12-01,595958
2016-12-02,732429
2016-12-03,703628
2016-12-04,644661
2016-12-05,670041
2016-12-06,748512
2016-12-07,767634
2016-12-08,651628
2016-12-09,615784
2016-12-10,594314
2016-12-11,568238
2016-12-12,637087
2016-12-13,663651
2016-12-14,619541
2016-12-15,611646
2016-12-16,637793
2016-12-17,584955
2016-12-18,564856
2016-12-19,659350
2016-12-20,651150
2016-12-21,704229
2016-12-22,683211
2016-12-23,659615
2016-12-24,550808
2016-12-25,470720
2016-12-26,589996
2016-12-27,647665
2016-12-28,660594
2016-12-29,654644
2016-12-30,642256
2016-12-31,571936
2017-01-01,463375
2017-01-02,703943
2017-01-03,654405
2017-01-04,696039
2017-01-05,650948
2017-01-06,716986
2017-01-07,645658
2017-01-08,597135
2017-01-09,611249
2017-01-10,701226
2017-01-11,638056
2017-01-12,623422
2017-01-13,590708
2017-01-14,592751
2017-01-15,551601
2017-01-16,632222
2017-01-17,656970
2017-01-18,649905
2017-01-19,685636
2017-01-20,663079
2017-01-21,637014
2017-01-22,564635
2017-01-23,620370
2017-01-24,723319
2017-01-25,711259
2017-01-26,721017
2017-01-27,662277
2017-01-28,661087
2017-01-29,644540
2017-01-30,644863
2017-01-31,677350
2017-02-01,790447
2017-02-02,639727
2017-02-03,715688
2017-02-04,655210
2017-02-05,689322
2017-02-06,619102
2017-02-07,717402
2017-02-08,665653
2017-02-09,758508
2017-02-10,658320
2017-02-11,628942
2017-02-12,568387
2017-02-13,669483
2017-02-14,675327
2017-02-15,630934
2017-02-16,670715
2017-02-17,695635
2017-02-18,689407
2017-02-19,597225
2017-02-20,657670
2017-02-21,645613
2017-02-22,634519
2017-02-23,700610
2017-02-24,766808
2017-02-25,744952
2017-02-26,657108
2017-02-27,664556
2017-02-28,699394
2017-03-01,681433
2017-03-02,735118
2017-03-03,734170
2017-03-04,624694
2017-03-05,694635
2017-03-06,680968
2017-03-07,737940
2017-03-08,687735
2017-03-09,705810
2017-03-10,744233
2017-03-11,697643
2017-03-12,594454
2017-03-13,691383
2017-03-14,740054
2017-03-15,675310
2017-03-16,734429
2017-03-17,709447
2017-03-18,685019
2017-03-19,675469
2017-03-20,651284
2017-03-21,693268
2017-03-22,745057
2017-03-23,678627
2017-03-24,703545
2017-03-25,615974
2017-03-26,587905
2017-03-27,600354
2017-03-28,735746
2017-03-29,683380
2017-03-30,694159
2017-03-31,630635
2017-04-01,639440
2017-04-02,652032
2017-04-03,735912
2017-04-04,635702
2017-04-05,745782
2017-04-06,701087
2017-04-07,717629
2017-04-08,600009
2017-04-09,656638
2017-04-10,690713
2017-04-11,753900
2017-04-12,689481
2017-04-13,611381
2017-04-14,703163
2017-04-15,687239
2017-04-16,592286
2017-04-17,604958
2017-04-18,708917
2017-04-19,723135
2017-04-20,688107
2017-04-21,791799
2017-04-22,685971
2017-04-23,644040
2017-04-24,608279
2017-04-25,738870
2017-04-26,768363
2017-04-27,723851
2017-04-28,727284
2017-04-29,828797
2017-04-30,724804
2017-05-01,707237
2017-05-02,787264
2017-05-03,689999
2017-05-04,851665
2017-05-05,663357
2017-05-06,871965
2017-05-07,787624
2017-05-08,889492
2017-05-09,794489
2017-05-10,735142
2017-05-11,703572
2017-05-12,745597
2017-05-13,793015
2017-05-14,893596
2017-05-15,825280
2017-05-16,655269
2017-05-17,762449
2017-05-18,742307
2017-05-19,807902
2017-05-20,851747
2017-05-21,791567
2017-05-22,773295
2017-05-23,876748
2017-05-24,806734
2017-05-25,842952
2017-05-26,818340
2017-05-27,892637
2017-05-28,856626
2017-05-29,766052
2017-05-30,848299
2017-05-31,819584
2017-06-01,838031
2017-06-02,726199
2017-06-03,883248
2017-06-04,734730
2017-06-05,767616
2017-06-06,800482
2017-06-07,878572
2017-06-08,820503
2017-06-09,764547
2017-06-10,701417
2017-06-11,667433
2017-06-12,722922
2017-06-13,768128
2017-06-14,744105
2017-06-15,796494
2017-06-16,727778
2017-06-17,665249
2017-06-18,628638
2017-06-19,729514
2017-06-20,741891
2017-06-21,755248
2017-06-22,735729
2017-06-23,710476
2017-06-24,646729
2017-06-25,534903
2017-06-26,704139
2017-06-27,695895
2017-06-28,743269
2017-06-29,621630
2017-06-30,722860
2017-07-01,642934
2017-07-02,605007
2017-07-03,668463
2017-07-04,714279
2017-07-05,651095
2017-07-06,625927
2017-07-07,737753
2017-07-08,641537
2017-07-09,549457
2017-07-10,771019
2017-07-11,770211
2017-07-12,749528
2017-07-13,680458
2017-07-14,640687
2017-07-15,634626
2017-07-16,609543
2017-07-17,692421
2017-07-18,811422
2017-07-19,717060
2017-07-20,657942
2017-07-21,749755
2017-07-22,645040
2017-07-23,533013
2017-07-24,674875
2017-07-25,697739
2017-07-26,664400
2017-07-27,681578
2017-07-28,681257
2017-07-29,641793
2017-07-30,568481
2017-07-31,706610
2017-08-01,477450
2017-08-02,591913
2017-08-03,596116
2017-08-04,665787
2017-08-05,658929
2017-08-06,538549
2017-08-07,683030
2017-08-08,789743
2017-08-09,706714
2017-08-10,733437
2017-08-11,737669
2017-08-12,693243
2017-08-13,705039
2017-08-14,689225
2017-08-15,821922
2017-08-16,688844
2017-08-17,860879
2017-08-18,728843
2017-08-19,713756
2017-08-20,617437
2017-08-21,633959
2017-08-22,529971
2017-08-23,843522
2017-08-24,548824
2017-08-25,578203
2017-08-26,618623
2017-08-27,749659
2017-08-28,654529
2017-08-29,795715
2017-08-30,799685
2017-08-31,797068
2017-09-01,782815
2017-09-02,694967
2017-09-03,586948
2017-09-04,752538
2017-09-05,784405
2017-09-06,776397
2017-09-07,768367
2017-09-08,825463
2017-09-09,627142
2017-09-10,558809
2017-09-11,734954
2017-09-12,710502
2017-09-13,718706
2017-09-14,773619
2017-09-15,833194
2017-09-16,647172
2017-09-17,588652
2017-09-18,673744
2017-09-19,786887
2017-09-20,620717
2017-09-21,694692
2017-09-22,649013
2017-09-23,568706
2017-09-24,532685
2017-09-25,658166
2017-09-26,728969
2017-09-27,691447
2017-09-28,758800
2017-09-29,743914
2017-09-30,628468
2017-10-01,624780
2017-10-02,815048
2017-10-03,785892
2017-10-04,639795
2017-10-05,727413
2017-10-06,819046
2017-10-07,670943
2017-10-08,689817
2017-10-09,800785
2017-10-10,826207
2017-10-11,780237
2017-10-12,783600
2017-10-13,819141
2017-10-14,796782
2017-10-15,826687
2017-10-16,850037
2017-10-17,873931
2017-10-18,818810
2017-10-19,910155
2017-10-20,850237
2017-10-21,805466
2017-10-22,981705
2017-10-23,877347
2017-10-24,957970
2017-10-25,919313
2017-10-26,730701
2017-10-27,673637
2017-10-28,555034
2017-10-29,911577
2017-10-30,889423
2017-10-31,829224
2017-11-01,960553
2017-11-02,916822
2017-11-03,818565
2017-11-04,800310
2017-11-05,803235
2017-11-06,825175
2017-11-07,939797
2017-11-08,860899
2017-11-09,945877
2017-11-10,795398
2017-11-11,578293
2017-11-12,598617
2017-11-13,917281
2017-11-14,817515
2017-11-15,951177
2017-11-16,903477
2017-11-17,980105
2017-11-18,849489
2017-11-19,908885
2017-11-20,989848
2017-11-21,979905
2017-11-22,870866
2017-11-23,956701
2017-11-24,907120
2017-11-25,931673
2017-11-26,936208
2017-11-27,1057284
2017-11-28,1025707
2017-11-29,1131583
2017-11-30,1084876
2017-12-01,1116238
2017-12-02,942678
2017-12-03,1016497
2017-12-04,1145159
2017-12-05,1145899
2017-12-06,1230802
2017-12-07,1068948
2017-12-08,1124998
2017-12-09,1187726
2017-12-10,1077246
2017-12-11,1153410
2017-12-12,1096912
2017-12-13,1261339
2017-12-14,1283917
2017-12-15,1179692
2017-12-16,1136353
2017-12-17,1176087
2017-12-18,1197815
2017-12-19,1048067
2017-12-20,1025876
2017-12-21,1002339
2017-12-22,1112359
2017-12-23,980565
2017-12-24,1023755
2017-12-25,879892
2017-12-26,912381
2017-12-27,1032410
2017-12-28,1003647
2017-12-29,1094021
2017-12-30,1009178
2017-12-31,1007300
2018-01-01,966701
2018-01-02,1142465
2018-01-03,1132590
2018-01-04,1253391
2018-01-05,1068521
2018-01-06,1171151
2018-01-07,1127763
2018-01-08,1158246
2018-01-09,1150316
2018-01-10,1125366
2018-01-11,1223960
2018-01-12,1152553
2018-01-13,943063
2018-01-14,967573
2018-01-15,952991
2018-01-16,999056
2018-01-17,1090512
2018-01-18,1053517
2018-01-19,1027739
2018-01-20,973522
2018-01-21,985139
2018-01-22,944978
2018-01-23,900239
2018-01-24,944565
2018-01-25,841497
2018-01-26,807944
2018-01-27,870574
2018-01-28,768035
2018-01-29,778138
2018-01-30,838805
2018-01-31,676270
2018-02-01,842398
2018-02-02,854253
2018-02-03,714655
2018-02-04,720904
2018-02-05,903239
2018-02-06,999110
2018-02-07,814500
2018-02-08,746341
2018-02-09,775346
2018-02-10,741833
2018-02-11,818411
2018-02-12,914734
2018-02-13,852822
2018-02-14,937579
2018-02-15,788513
2018-02-16,773217
2018-02-17,770441
2018-02-18,730164
2018-02-19,849880
2018-02-20,714634
2018-02-21,705377
2018-02-22,713584
2018-02-23,739558
2018-02-24,704052
2018-02-25,528643
2018-02-26,669611
2018-02-27,713393
2018-02-28,806090
2018-03-01,819973
2018-03-02,749016
2018-03-03,930019
2018-03-04,802165
2018-03-05,850558
2018-03-06,836883
2018-03-07,917543
2018-03-08,915691
2018-03-09,881619
2018-03-10,810961
2018-03-11,884558
2018-03-12,844766
2018-03-13,764096
2018-03-14,574881
2018-03-15,617134
2018-03-16,593929
2018-03-17,460732
2018-03-18,534900
2018-03-19,582453
2018-03-20,568358
2018-03-21,573430
2018-03-22,595109
2018-03-23,624132
2018-03-24,538024
2018-03-25,442835
2018-03-26,584451
2018-03-27,602492
2018-03-28,543729
2018-03-29,565338
2018-03-30,570293
2018-03-31,479741
2018-04-01,423275
2018-04-02,494663
2018-04-03,594093
2018-04-04,567822
2018-04-05,536152
2018-04-06,640370
2018-04-07,499520
2018-04-08,404612
2018-04-09,543827
2018-04-10,565720
2018-04-11,539435
2018-04-12,617401
2018-04-13,646928
2018-04-14,493652
2018-04-15,587008
2018-04-16,738311
2018-04-17,608580
2018-04-18,589411
2018-04-19,644586
2018-04-20,653011
2018-04-21,620004
2018-04-22,509549
2018-04-23,642648
2018-04-24,774308
2018-04-25,688526
2018-04-26,660410
2018-04-27,675792
2018-04-28,562244
2018-04-29,541887
2018-04-30,642123
2018-05-01,632638
2018-05-02,683381
2018-05-03,663164
2018-05-04,695589
2018-05-05,625684
2018-05-06,533400
2018-05-07,660188
2018-05-08,664930
2018-05-09,612043
2018-05-10,617381
2018-05-11,758779
2018-05-12,588527
2018-05-13,483616
2018-05-14,636140
2018-05-15,640168
2018-05-16,604416
2018-05-17,629495
2018-05-18,703262
2018-05-19,514447
2018-05-20,475729
2018-05-21,622910
2018-05-22,588204
2018-05-23,640753
2018-05-24,569796
2018-05-25,618168
2018-05-26,467745
2018-05-27,442455
2018-05-28,589209
2018-05-29,604750
2018-05-30,592855
2018-05-31,627718
2018-06-01,692408
2018-06-02,521898
2018-06-03,531451
2018-06-04,702896
2018-06-05,655687
2018-06-06,650992
2018-06-07,634092
2018-06-08,648968
2018-06-09,492405
2018-06-10,529717
2018-06-11,587718
2018-06-12,654018
2018-06-13,658191
2018-06-14,583184
2018-06-15,629239
2018-06-16,442336
2018-06-17,435995
2018-06-18,574863
2018-06-19,621660
2018-06-20,584946
2018-06-21,562477
2018-06-22,618787
2018-06-23,483219
2018-06-24,456881
2018-06-25,614024
2018-06-26,612971
2018-06-27,589272
2018-06-28,555073
2018-06-29,589840
2018-06-30,567354
2018-07-01,483601
2018-07-02,638224
2018-07-03,659182
2018-07-04,609463
2018-07-05,545411
2018-07-06,647671
2018-07-07,473890
2018-07-08,492247
2018-07-09,626876
2018-07-10,665924
2018-07-11,616206
2018-07-12,944160
2018-07-13,933530
2018-07-14,809614
2018-07-15,509919
2018-07-16,583682
2018-07-17,688516
2018-07-18,770646
2018-07-19,636735
2018-07-20,651798
2018-07-21,505453
2018-07-22,458197
2018-07-23,711244
2018-07-24,718783
2018-07-25,776373
2018-07-26,639884
2018-07-27,717386
2018-07-28,564042
2018-07-29,484415
2018-07-30,636111
2018-07-31,689933
2018-08-01,705701
2018-08-02,633985
2018-08-03,688864
2018-08-04,542806
2018-08-05,495708
2018-08-06,654365
2018-08-07,706475
2018-08-08,649542
2018-08-09,629818
2018-08-10,658349
2018-08-11,525905
2018-08-12,477808
2018-08-13,611686
2018-08-14,656986
2018-08-15,680291
2018-08-16,620626
2018-08-17,652800
2018-08-18,502003
2018-08-19,514081
2018-08-20,623584
2018-08-21,589558
2018-08-22,637962
2018-08-23,569143
2018-08-24,632119
2018-08-25,548589
2018-08-26,502401
2018-08-27,664754
2018-08-28,663712
2018-08-29,669393
2018-08-30,621109
2018-08-31,650921
2018-09-01,564618
2018-09-02,495862
2018-09-03,613203
2018-09-04,629613
2018-09-05,663893
2018-09-06,666432
2018-09-07,689969
2018-09-08,546132
2018-09-09,506822
2018-09-10,614032
2018-09-11,651085
2018-09-12,599341
2018-09-13,607968
2018-09-14,620756
2018-09-15,558326
2018-09-16,470014
2018-09-17,631051
2018-09-18,638226
2018-09-19,631534
2018-09-20,628575
2018-09-21,715374
2018-09-22,562396
2018-09-23,507611
2018-09-24,614666
2018-09-25,648239
2018-09-26,628106
2018-09-27,633984
2018-09-28,673169
2018-09-29,552193
2018-09-30,532057
2018-10-01,672466
2018-10-02,678534
2018-10-03,693998
2018-10-04,642385
2018-10-05,688104
2018-10-06,588469
2018-10-07,598247
2018-10-08,646069
2018-10-09,621377
2018-10-10,642587
2018-10-11,686801
2018-10-12,693357
2018-10-13,573900
2018-10-14,524073
2018-10-15,699161
2018-10-16,678710
2018-10-17,673355
2018-10-18,654562
2018-10-19,685189
2018-10-20,593948
2018-10-21,554343
2018-10-22,676886
2018-10-23,683472
2018-10-24,637730
2018-10-25,659213
2018-10-26,691989
2018-10-27,580044
2018-10-28,560468
2018-10-29,708277
2018-10-30,697593
2018-10-31,707280
2018-11-01,692491
2018-11-02,769107
2018-11-03,641836
2018-11-04,619053
2018-11-05,712966
2018-11-06,694045
2018-11-07,705096
2018-11-08,700109
2018-11-09,704782
2018-11-10,595431
2018-11-11,590374
2018-11-12,683380
2018-11-13,650636
2018-11-14,727941
2018-11-15,719899
2018-11-16,713928
2018-11-17,594720
2018-11-18,549202
2018-11-19,674496
2018-11-20,768688
2018-11-21,628170
2018-11-22,656422
2018-11-23,639956
2018-11-24,579231
2018-11-25,569046
2018-11-26,633473
2018-11-27,643303
2018-11-28,617607
2018-11-29,614236
2018-11-30,596001
2018-12-01,591450
2018-12-02,507836
2018-12-03,576348
2018-12-04,679707
2018-12-05,602408
2018-12-06,655300
2018-12-07,663545
2018-12-08,533709
2018-12-09,516271
2018-12-10,620281
2018-12-11,622306
2018-12-12,626580
2018-12-13,642762
2018-12-14,696382
2018-12-15,598783
2018-12-16,536369
2018-12-17,696308
2018-12-18,649663
2018-12-19,708704
2018-12-20,649990
2018-12-21,660839
2018-12-22,552658
2018-12-23,522599
2018-12-24,582347
2018-12-25,489953
2018-12-26,544456
2018-12-27,617811
2018-12-28,639451
2018-12-29,569946
2018-12-30,535608
2018-12-31,553993
2019-01-01,430421
2019-01-02,585888
2019-01-03,602487
2019-01-04,588143
2019-01-05,510108
2019-01-06,513094
2019-01-07,605722
2019-01-08,618858
2019-01-09,615693
2019-01-10,646786
2019-01-11,623732
2019-01-12,511629
2019-01-13,484995
2019-01-14,599565
2019-01-15,618207
2019-01-16,653009
2019-01-17,610155
2019-01-18,625350
2019-01-19,526843
2019-01-20,514495
2019-01-21,596512
2019-01-22,598604
2019-01-23,681835
2019-01-24,631256
2019-01-25,627179
2019-01-26,585758
2019-01-27,496605
2019-01-28,636796
2019-01-29,626782
2019-01-30,609602
2019-01-31,640456
2019-02-01,665415
2019-02-02,554215
2019-02-03,521476
2019-02-04,616372
2019-02-05,650498
2019-02-06,687619
2019-02-07,647015
2019-02-08,694282
2019-02-09,564086
2019-02-10,495935
2019-02-11,692066
2019-02-12,826410
2019-02-13,765345
2019-02-14,618703
2019-02-15,618553
2019-02-16,604952
2019-02-17,522919
2019-02-18,684675
2019-02-19,715469
2019-02-20,694092
2019-02-21,648082
2019-02-22,739321
2019-02-23,570604
2019-02-24,569543
2019-02-25,670193
2019-02-26,704073
2019-02-27,679215
2019-02-28,692856
2019-03-01,723753
2019-03-02,631284
2019-03-03,555616
2019-03-04,681621
2019-03-05,706748
2019-03-06,738110
2019-03-07,689202
2019-03-08,711508
2019-03-09,601872
2019-03-10,521885
2019-03-11,750665
2019-03-12,699020
2019-03-13,716425
2019-03-14,741453
2019-03-15,719155
2019-03-16,612907
2019-03-17,538878
2019-03-18,716932
2019-03-19,750460
2019-03-20,738360
2019-03-21,708212
2019-03-22,722817
2019-03-23,583493
2019-03-24,559556
2019-03-25,716713
2019-03-26,686290
2019-03-27,783494
2019-03-28,768228
2019-03-29,764547
2019-03-30,684555
2019-03-31,625975
2019-04-01,690259
2019-04-02,887936
2019-04-03,856229
2019-04-04,806470
2019-04-05,883934
2019-04-06,677527
2019-04-07,621921
2019-04-08,776675
2019-04-09,777610
2019-04-10,779763
2019-04-11,813435
2019-04-12,772966
2019-04-13,595840
2019-04-14,594251
2019-04-15,775820
2019-04-16,772119
2019-04-17,748387
2019-04-18,744209
2019-04-19,791178
2019-04-20,688991
2019-04-21,683505
2019-04-22,645228
2019-04-23,715607
2019-04-24,880285
2019-04-25,754024
2019-04-26,769113
2019-04-27,614072
2019-04-28,594392
2019-04-29,793473
2019-04-30,837456
2019-05-01,765604
2019-05-02,790956
2019-05-03,803527
2019-05-04,660279
2019-05-05,617817
2019-05-06,769259
2019-05-07,759338
2019-05-08,839325
2019-05-09,826107
2019-05-10,784376
2019-05-11,775117
2019-05-12,824689
2019-05-13,876055
2019-05-14,902398
2019-05-15,877504
2019-05-16,882365
2019-05-17,907019
2019-05-18,855034
2019-05-19,748597
2019-05-20,833737
2019-05-21,885561
2019-05-22,872867
2019-05-23,833099
2019-05-24,860949
2019-05-25,712797
2019-05-26,663726
2019-05-27,880055
2019-05-28,952536
2019-05-29,894459
2019-05-30,854097
2019-05-31,769523
2019-06-01,851562
2019-06-02,692245
2019-06-03,731823
2019-06-04,907738
2019-06-05,873784
2019-06-06,818973
2019-06-07,859425
2019-06-08,632781
2019-06-09,576532
2019-06-10,801669
2019-06-11,839864
2019-06-12,796273
2019-06-13,896245
2019-06-14,1033161
2019-06-15,862359
2019-06-16,697132
2019-06-17,797791
2019-06-18,951750
2019-06-19,902828
2019-06-20,827045
2019-06-21,840325
2019-06-22,846355
2019-06-23,894868
2019-06-24,967255
2019-06-25,914848
2019-06-26,1038136
2019-06-27,891780
2019-06-28,1008346
2019-06-29,853696
2019-06-30,672866
2019-07-01,834130
2019-07-02,896379
2019-07-03,894222
2019-07-04,822472
2019-07-05,820564
2019-07-06,679451
2019-07-07,604462
2019-07-08,830641
2019-07-09,819092
2019-07-10,798530
2019-07-11,777665
2019-07-12,907396
2019-07-13,656413
2019-07-14,592137
2019-07-15,757224
2019-07-16,786194
2019-07-17,740525
2019-07-18,740073
2019-07-19,741186
2019-07-20,719964
2019-07-21,542497
2019-07-22,705998
2019-07-23,711417
2019-07-24,718472
2019-07-25,777034
2019-07-26,754318
2019-07-27,586276
2019-07-28,530854
2019-07-29,725272
2019-07-30,744128
2019-07-31,777275
2019-08-01,760270
2019-08-02,775871
2019-08-03,625752
2019-08-04,583090
2019-08-05,795977
2019-08-06,858659
2019-08-07,809600
2019-08-08,820878
2019-08-09,749819
2019-08-10,613410
2019-08-11,547301
2019-08-12,644673
2019-08-13,874339
2019-08-14,761105
2019-08-15,713750
2019-08-16,693280
2019-08-17,572530
2019-08-18,534664
2019-08-19,700839
2019-08-20,751182
2019-08-21,770008
2019-08-22,826528
2019-08-23,790325
2019-08-24,701303
2019-08-25,521392
2019-08-26,747731
2019-08-27,728425
2019-08-28,712996
2019-08-29,735858
2019-08-30,729202
2019-08-31,605832
2019-09-01,566095
2019-09-02,725190
2019-09-03,799876
2019-09-04,747323
2019-09-05,736083
2019-09-06,789909
2019-09-07,617434
2019-09-08,568182
2019-09-09,765860
2019-09-10,807312
2019-09-11,795962
2019-09-12,749283
2019-09-13,761736
2019-09-14,658997
2019-09-15,562231
2019-09-16,773301
2019-09-17,783191
2019-09-18,859194
2019-09-19,731756
2019-09-20,731501
2019-09-21,644721
2019-09-22,596339
2019-09-23,724605
2019-09-24,836545
2019-09-25,799467
2019-09-26,747707
2019-09-27,701097
2019-09-28,629977
2019-09-29,560909
2019-09-30,740476
2019-10-01,772736
2019-10-02,714450
2019-10-03,704746
2019-10-04,712814
2019-10-05,633812
2019-10-06,563657
2019-10-07,736366
2019-10-08,719570
2019-10-09,700138
2019-10-10,733529
2019-10-11,726799
2019-10-12,590435
2019-10-13,541134
2019-10-14,693478
2019-10-15,707902
2019-10-16,737755
2019-10-17,727633
2019-10-18,675687
2019-10-19,632136
2019-10-20,568261
2019-10-21,736587
2019-10-22,725908
2019-10-23,744124
2019-10-24,713976
2019-10-25,789545
2019-10-26,767830
2019-10-27,591948
2019-10-28,752667
2019-10-29,727812
2019-10-30,725866
2019-10-31,703136
2019-11-01,795073
2019-11-02,630458
2019-11-03,626683
2019-11-04,743527
2019-11-05,792806
2019-11-06,837366
2019-11-07,786049
2019-11-08,723601
2019-11-09,728794
2019-11-10,585403
2019-11-11,698259
2019-11-12,678947
2019-11-13,761872
2019-11-14,748620
2019-11-15,764270
2019-11-16,681643
2019-11-17,596015
2019-11-18,687888
2019-11-19,831638
2019-11-20,701261
2019-11-21,793352
2019-11-22,808615
2019-11-23,673384
2019-11-24,559885
2019-11-25,665242
2019-11-26,785860
2019-11-27,827222
2019-11-28,703993
2019-11-29,735141
2019-11-30,677647
2019-12-01,607728
2019-12-02,736971
2019-12-03,753755
2019-12-04,758374
2019-12-05,730609
2019-12-06,743966
2019-12-07,658975
2019-12-08,587605
2019-12-09,784032
2019-12-10,803298
2019-12-11,793438
2019-12-12,723507
2019-12-13,729489
2019-12-14,630769
2019-12-15,645544
2019-12-16,793627
2019-12-17,891036
2019-12-18,743776
2019-12-19,728845
2019-12-20,711782
2019-12-21,621619
2019-12-22,586698
2019-12-23,706457
2019-12-24,668278
2019-12-25,543218
2019-12-26,639346
2019-12-27,706108
2019-12-28,630081
2019-12-29,587285
2019-12-30,730520
2019-12-31,669834
2020-01-01,522161
2020-01-02,678389
2020-01-03,712208
2020-01-04,615785
2020-01-05,596336
2020-01-06,724303
2020-01-07,771654
2020-01-08,745781
2020-01-09,780267
2020-01-10,784612
2020-01-11,655704
2020-01-12,590366
2020-01-13,682403
2020-01-14,852442
2020-01-15,769961
2020-01-16,741776
2020-01-17,757448
2020-01-18,634559
2020-01-19,636694
2020-01-20,736438
2020-01-21,757020
2020-01-22,783825
2020-01-23,768892
2020-01-24,733013
2020-01-25,650857
2020-01-26,573738
2020-01-27,702915
2020-01-28,823221
2020-01-29,776159
2020-01-30,763783
2020-01-31,772889
2020-02-01,720033
2020-02-02,727237
2020-02-03,864995
2020-02-04,768226
2020-02-05,837536
2020-02-06,749129
2020-02-07,868589
2020-02-08,723079
2020-02-09,686022
2020-02-10,708218
2020-02-11,892362
2020-02-12,813659
2020-02-13,829739
2020-02-14,729015
2020-02-15,755095
2020-02-16,639998
2020-02-17,776163
2020-02-18,784418
2020-02-19,791501
2020-02-20,766663
2020-02-21,770775
2020-02-22,677136
2020-02-23,608575
2020-02-24,759274
2020-02-25,736782
2020-02-26,773379
2020-02-27,779052
2020-02-28,797710
2020-02-29,673533
2020-03-01,671761
2020-03-02,822598
2020-03-03,838607
2020-03-04,875551
2020-03-05,790406
2020-03-06,806400
2020-03-07,680471
2020-03-08,643994
2020-03-09,812717
2020-03-10,815210
2020-03-11,717216
2020-03-12,917471
2020-03-13,781820
2020-03-14,765687
2020-03-15,643413
2020-03-16,729759
2020-03-17,759832
2020-03-18,629262
2020-03-19,713003
2020-03-20,735358
2020-03-21,659064
2020-03-22,553438
2020-03-23,681608
2020-03-24,732064
2020-03-25,591886
2020-03-26,882424
2020-03-27,839420
2020-03-28,625437
2020-03-29,579529
2020-03-30,777776
2020-03-31,821826
2020-04-01,808466
2020-04-02,803862
2020-04-03,754391
2020-04-04,655944
2020-04-05,596650
2020-04-06,771478
2020-04-07,945739
2020-04-08,776631
2020-04-09,724013
2020-04-10,739563
2020-04-11,632958
2020-04-12,606014
2020-04-13,778331
2020-04-14,826328
2020-04-15,934898
2020-04-16,869689
2020-04-17,849149
2020-04-18,865591
2020-04-19,710287
2020-04-20,851022
2020-04-21,816156
2020-04-22,748473
2020-04-23,942804
2020-04-24,895121
2020-04-25,826116
2020-04-26,706083
2020-04-27,874525
2020-04-28,932431
2020-04-29,910172
2020-04-30,949644
2020-05-01,944666
2020-05-02,989265
2020-05-03,906303
2020-05-04,893441
2020-05-05,971843
2020-05-06,974460
2020-05-07,1011686
2020-05-08,952933
2020-05-09,913693
2020-05-10,872989
2020-05-11,990652
2020-05-12,958679
2020-05-13,854774
2020-05-14,881291
2020-05-15,896252
2020-05-16,879025
2020-05-17,769750
2020-05-18,964198
2020-05-19,890223
2020-05-20,876740
2020-05-21,922394
2020-05-22,797305
2020-05-23,849483
2020-05-24,808246
2020-05-25,822993
2020-05-26,869806
2020-05-27,906216
2020-05-28,866823
2020-05-29,851432
2020-05-30,904549
2020-05-31,793684
2020-06-01,880913
2020-06-02,896076
2020-06-03,954694
2020-06-04,902323
2020-06-05,913734
2020-06-06,776327
2020-06-07,687125
2020-06-08,967877
2020-06-09,928286
2020-06-10,907694
2020-06-11,1040244
2020-06-12,918557
2020-06-13,809571
2020-06-14,688457
2020-06-15,866381
2020-06-16,984144
2020-06-17,924725
2020-06-18,848162
2020-06-19,952289
2020-06-20,769116
2020-06-21,713559
2020-06-22,837546
2020-06-23,1035740
2020-06-24,927350
2020-06-25,890832
2020-06-26,934301
2020-06-27,773653
2020-06-28,687102
2020-06-29,942479
2020-06-30,930947
2020-07-01,1083560
2020-07-02,959779
2020-07-03,945290
2020-07-04,805239
2020-07-05,765083
2020-07-06,993234
2020-07-07,970595
2020-07-08,1016230
2020-07-09,1041612
2020-07-10,983992
2020-07-11,879028
2020-07-12,744442
2020-07-13,907516
2020-07-14,1003311
2020-07-15,966101
2020-07-16,969556
2020-07-17,854365
2020-07-18,890794
2020-07-19,874306
2020-07-20,939131
2020-07-21,923962
2020-07-22,1019885
2020-07-23,983786
2020-07-24,1081594
2020-07-25,973431
2020-07-26,997864
2020-07-27,1021507
2020-07-28,1055931
2020-07-29,1044212
2020-07-30,968137
2020-07-31,1061450
2020-08-01,958501
2020-08-02,952139
2020-08-03,1080027
2020-08-04,995793
2020-08-05,955267
2020-08-06,1126574
2020-08-07,1051823
2020-08-08,950893
2020-08-09,905675
2020-08-10,972713
2020-08-11,1086937
2020-08-12,1057496
2020-08-13,946682
2020-08-14,1089021
2020-08-15,975738
2020-08-16,886141
2020-08-17,882274
2020-08-18,1017000
2020-08-19,979271
2020-08-20,997642
2020-08-21,1090642
2020-08-22,955069
2020-08-23,914510
2020-08-24,933466
2020-08-25,953512
2020-08-26,1032469
2020-08-27,954570
2020-08-28,1080162
2020-08-29,974894
2020-08-30,829974
2020-08-31,924450
2020-09-01,1082535
2020-09-02,1027531
2020-09-03,980455
2020-09-04,1008086
2020-09-05,980198
2020-09-06,992013
2020-09-07,1088277
2020-09-08,980353
2020-09-09,965163
2020-09-10,1097735
2020-09-11,961910
2020-09-12,900116
2020-09-13,791790
2020-09-14,1023199
2020-09-15,969276
2020-09-16,1068295
2020-09-17,1108815
2020-09-18,972237
2020-09-19,901620
2020-09-20,806731
2020-09-21,945405
2020-09-22,970777
2020-09-23,1016908
2020-09-24,945647
2020-09-25,1148102
2020-09-26,951444
2020-09-27,786821
2020-09-28,872091
2020-09-29,1004377
2020-09-30,1118924
2020-10-01,931035
2020-10-02,988342
2020-10-03,1013409
2020-10-04,917208
2020-10-05,945304
2020-10-06,978432
2020-10-07,1065070
2020-10-08,1039051
2020-10-09,1007255
2020-10-10,914127
2020-10-11,794421
2020-10-12,940761
2020-10-13,1058038
2020-10-14,938238
2020-10-15,1040530
2020-10-16,988347
2020-10-17,847031
2020-10-18,730443
2020-10-19,932629
2020-10-20,1012545
2020-10-21,1010640
2020-10-22,1048140
2020-10-23,986593
2020-10-24,1097103
2020-10-25,853439
2020-10-26,824530
2020-10-27,827571
2020-10-28,818951
2020-10-29,890319
2020-10-30,897886
2020-10-31,882386
2020-11-01,891906
2020-11-02,778647
2020-11-03,1033207
2020-11-04,1169309
2020-11-05,1069905
2020-11-06,1084923
2020-11-07,1053457
2020-11-08,926623
2020-11-09,1201530
2020-11-10,1023175
2020-11-11,1017124
2020-11-12,1050339
2020-11-13,1001899
2020-11-14,916241
2020-11-15,859865
2020-11-16,1036960
2020-11-17,1134731
2020-11-18,1187942
2020-11-19,1058686
2020-11-20,1182433
2020-11-21,1018142
2020-11-22,866476
2020-11-23,1002381
2020-11-24,1057090
2020-11-25,1129773
2020-11-26,1119867
2020-11-27,1098290
2020-11-28,1043272
2020-11-29,884127
2020-11-30,889631
2020-12-01,1170489
2020-12-02,1018301
2020-12-03,1169699
2020-12-04,1073944
2020-12-05,1074607
2020-12-06,911079
2020-12-07,1014436
2020-12-08,1060847
2020-12-09,1058484
2020-12-10,993039
2020-12-11,1075098
2020-12-12,963457
2020-12-13,943850
2020-12-14,978879
2020-12-15,1047008
2020-12-16,1093051
2020-12-17,1068910
2020-12-18,1193436
2020-12-19,1165894
2020-12-20,1078245
2020-12-21,1125440
2020-12-22,1099356
2020-12-23,1131834
2020-12-24,972137
2020-12-25,1025877
2020-12-26,949564
2020-12-27,1060060
2020-12-28,1144968
2020-12-29,1150742
2020-12-30,1215755
2020-12-31,1203670
2021-01-01,996185
2021-01-02,1138629
2021-01-03,1188455
2021-01-04,1274837
2021-01-05,1234388
2021-01-06,1343925
2021-01-07,1291311
2021-01-08,1235786
2021-01-09,1099488
2021-01-10,1179133
2021-01-11,1206924
2021-01-12,1209828
2021-01-13,1164124
2021-01-14,1166577
2021-01-15,1204500
2021-01-16,1114559
2021-01-17,1008693
2021-01-18,1082372
2021-01-19,1101148
2021-01-20,1092192
2021-01-21,1071960
2021-01-22,1098278
2021-01-23,1135763
2021-01-24,999628
2021-01-25,1118494
2021-01-26,1180046
2021-01-27,1102166
2021-01-28,1097507
2021-01-29,1213499
2021-01-30,1085205
2021-01-31,1076382
2021-02-01,981055
2021-02-02,1211752
2021-02-03,1189214
2021-02-04,1229548
2021-02-05,1256476
2021-02-06,1159379
2021-02-07,1151228
2021-02-08,1243510
2021-02-09,1179899
2021-02-10,1185257
2021-02-11,1063760
2021-02-12,1149349
2021-02-13,1220382
2021-02-14,1114648
2021-02-15,1142365
2021-02-16,991949
2021-02-17,1138578
2021-02-18,1138749
2021-02-19,1246492
2021-02-20,1189473
2021-02-21,1041988
2021-02-22,1094537
2021-02-23,1058640
2021-02-24,1236724
2021-02-25,1215092
2021-02-26,1120909
2021-02-27,1200757
2021-02-28,1029351
2021-03-01,1085598
2021-03-02,1130624
2021-03-03,1182143
2021-03-04,1042700
2021-03-05,1164409
2021-03-06,1128229
2021-03-07,1046342
2021-03-08,1170132
2021-03-09,1087019
2021-03-10,1178317
2021-03-11,1082302
2021-03-12,1184494
2021-03-13,1110678
2021-03-14,1162437
2021-03-15,1165695
2021-03-16,1161554
2021-03-17,1122028
2021-03-18,1210089
2021-03-19,1162151
2021-03-20,1136341
2021-03-21,1101138
2021-03-22,1145945
2021-03-23,1237240
2021-03-24,1157951
2021-03-25,1206997
2021-03-26,1094369
2021-03-27,1149816
2021-03-28,1070209
2021-03-29,1116526
2021-03-30,1150659
2021-03-31,1245144
2021-04-01,1137569
2021-04-02,1105972
2021-04-03,1024869
2021-04-04,1037268
2021-04-05,1222960
2021-04-06,1191968
2021-04-07,1242646
2021-04-08,1095108
2021-04-09,1223061
2021-04-10,1160194
2021-04-11,1049537
2021-04-12,1123911
2021-04-13,1173971
2021-04-14,1152026
2021-04-15,1362772
2021-04-16,935901
2021-04-17,839763
2021-04-18,1046276
2021-04-19,886612
2021-04-20,1123398
2021-04-21,923285
2021-04-22,1120297
2021-04-23,1117120
2021-04-24,1123928
2021-04-25,1027842
2021-04-26,944636
2021-04-27,1092426
2021-04-28,1115067
2021-04-29,993067
2021-04-30,1116454
2021-05-01,1048160
2021-05-02,1243794
2021-05-03,1266258
2021-05-04,1288579
2021-05-05,1210509
2021-05-06,1236912
2021-05-07,1188292
2021-05-08,1172100
2021-05-09,1236396
2021-05-10,1312244
2021-05-11,1244507
2021-05-12,1262001
2021-05-13,1188824
2021-05-14,1069157
2021-05-15,960850
2021-05-16,974654
2021-05-17,958096
2021-05-18,855445
2021-05-19,1025222
2021-05-20,943399
2021-05-21,947763
2021-05-22,917809
2021-05-23,963617
2021-05-24,972307
2021-05-25,972843
2021-05-26,940638
