timestamp,open,high,low,close,date
1367280000000,135.3,141.96,135.3,135.3,2013-04-30
1367539200000,117.0,117.0,91.01,91.01,2013-05-03
1367884800000,111.25,118.33,106.4,106.4,2013-05-07
1368230400000,112.64,118.78,112.64,113.01,2013-05-11
1368576000000,114.71,117.18,114.16,114.16,2013-05-15
1368921600000,115.5,123.88,115.5,120.5,2013-05-19
1369267200000,122.58,125.75,122.58,125.75,2013-05-23
1369612800000,131.7,134.6,128.99,128.99,2013-05-27
1369958400000,129.18,132.13,127.4,127.98,2013-05-31
1370217600000,129.09,129.09,121.16,121.16,2013-06-03
1370563200000,121.31,121.71,119.0,119.0,2013-06-07
1370908800000,110.09,110.09,99.75,105.99,2013-06-11
1371254400000,108.9,108.9,98.4,98.4,2013-06-15
1371600000000,99.99,106.55,99.99,106.55,2013-06-19
1371945600000,107.9,110.91,107.25,107.25,2013-06-23
1372291200000,108.0,108.0,102.44,103.39,2013-06-27
1372550400000,99.66,99.66,93.33,95.39,2013-06-30
1372809600000,97.5,97.5,89.49,90.8,2013-07-03
1373155200000,78.8,78.8,67.81,68.08,2013-07-07
1373500800000,77.5,85.75,76.39,85.75,2013-07-11
1373846400000,93.8,95.58,88.06,94.0,2013-07-15
1374192000000,97.3,98.98,88.79,88.79,2013-07-19
1374537600000,91.57,91.7,89.28,91.7,2013-07-23
1374883200000,94.58,96.95,94.13,94.13,2013-07-27
1375228800000,94.01,110.34,94.01,110.34,2013-07-31
1375488000000,106.23,106.23,101.61,103.7,2013-08-03
1375833600000,104.86,106.75,104.86,106.75,2013-08-07
1376179200000,101.67,103.77,101.67,103.77,2013-08-11
1376524800000,105.18,111.87,105.18,111.87,2013-08-15
1376870400000,109.87,118.78,109.87,118.78,2013-08-19
1377216000000,120.5,122.5,120.0,120.0,2013-08-23
1377561600000,120.44,125.67,120.44,125.67,2013-08-27
1377907200000,123.02,137.76,123.02,137.76,2013-08-31
1378166400000,138.17,138.17,137.17,137.51,2013-09-03
1378512000000,135.21,135.21,123.73,123.73,2013-09-07
1378857600000,121.77,131.65,121.77,131.65,2013-09-11
1379203200000,134.22,135.05,129.95,129.95,2013-09-15
1379548800000,131.48,132.06,130.23,130.23,2013-09-19
1379894400000,128.57,128.57,126.73,126.73,2013-09-23
1380240000000,126.09,131.84,126.09,131.84,2013-09-27
1380499200000,133.93,140.28,131.65,131.65,2013-09-30
1380758400000,132.55,132.55,123.07,123.07,2013-10-03
1381104000000,128.26,129.57,127.56,128.38,2013-10-07
1381449600000,125.72,130.9,125.72,130.27,2013-10-11
1381795200000,135.35,143.89,135.35,143.89,2013-10-15
1382140800000,143.61,170.51,143.61,170.51,2013-10-19
1382486400000,172.01,206.78,172.01,206.78,2013-10-23
1382832000000,198.8,198.8,172.48,189.83,2013-10-27
1383177600000,198.55,204.39,198.55,203.88,2013-10-31
1383436800000,205.26,212.45,205.26,212.45,2013-11-03
1383782400000,226.28,295.63,226.28,295.63,2013-11-07
1384128000000,332.02,358.0,313.0,340.55,2013-11-11
1384473600000,355.48,424.16,355.48,424.16,2013-11-15
1384819200000,437.41,614.4,437.41,614.4,2013-11-19
1385164800000,565.34,819.31,565.34,819.31,2013-11-23
1385510400000,764.43,914.13,764.43,914.13,2013-11-27
1385769600000,979.08,1127.45,979.08,1127.45,2013-11-30
1386028800000,1033.39,1078.64,974.03,1078.64,2013-12-03
1386374400000,1121.48,1121.48,811.98,811.98,2013-12-07
1386720000000,743.11,927.78,743.11,887.08,2013-12-11
1387065600000,878.17,897.27,854.62,854.62,2013-12-15
1387411200000,789.15,789.15,559.36,677.84,2013-12-19
1387756800000,694.25,694.25,596.12,645.75,2013-12-23
1388102400000,659.94,734.59,659.94,734.27,2013-12-27
1388448000000,738.81,760.52,726.47,755.16,2013-12-31
1388707200000,767.74,825.47,767.74,825.47,2014-01-03
1389052800000,849.14,936.38,826.5,826.5,2014-01-07
1389398400000,838.32,905.72,838.32,905.72,2014-01-11
1389744000000,867.45,867.45,838.05,860.44,2014-01-15
1390089600000,837.98,840.0,812.9,838.17,2014-01-19
1390435200000,869.15,869.57,846.97,846.97,2014-01-23
1390780800000,808.32,891.86,804.39,891.86,2014-01-27
1391126400000,777.0,817.93,777.0,817.93,2014-01-31
1391385600000,832.52,836.41,813.38,813.38,2014-02-03
1391731200000,832.36,832.36,721.32,721.32,2014-02-07
1392076800000,701.61,701.61,672.07,697.76,2014-02-11
1392422400000,655.26,655.26,623.57,644.1,2014-02-15
1392768000000,613.85,645.14,613.85,620.99,2014-02-19
1393113600000,593.89,622.97,571.06,622.97,2014-02-23
1393459200000,572.39,586.28,489.31,586.28,2014-02-27
1393545600000,567.2,585.79,560.11,585.79,2014-02-28
1394150400000,675.0,675.0,617.62,617.62,2014-03-07
1394496000000,610.37,636.17,610.37,624.23,2014-03-11
1394841600000,638.07,639.03,629.67,638.07,2014-03-15
1395187200000,629.55,629.55,610.64,610.64,2014-03-19
1395532800000,592.07,592.07,561.22,567.78,2014-03-23
1395878400000,571.42,584.44,567.64,567.64,2014-03-27
1396224000000,503.66,503.66,457.4,457.4,2014-03-31
1396483200000,478.72,478.72,437.52,447.08,2014-04-03
1396828800000,448.88,464.83,448.88,457.79,2014-04-07
1397174400000,450.46,450.46,360.84,420.06,2014-04-11
1397520000000,420.66,520.12,414.95,520.12,2014-04-15
1397865600000,529.16,529.16,478.23,501.55,2014-04-19
1398211200000,497.32,497.32,484.85,487.53,2014-04-23
1398556800000,494.27,494.27,437.92,437.92,2014-04-27
1398816000000,436.92,445.0,436.92,445.0,2014-04-30
1399075200000,455.09,455.09,434.03,434.03,2014-05-03
1399420800000,433.94,439.3,426.76,439.3,2014-05-07
1399766400000,437.36,452.51,436.28,436.28,2014-05-11
1400112000000,439.19,444.25,437.31,444.25,2014-05-15
1400457600000,445.17,445.85,443.87,443.87,2014-05-19
1400803200000,483.42,524.48,483.42,524.48,2014-05-23
1401148800000,523.11,579.62,523.11,569.48,2014-05-27
1401494400000,571.55,621.15,565.26,620.5,2014-05-31
1401753600000,640.16,667.37,640.16,667.37,2014-06-03
1402099200000,641.18,658.1,641.18,651.71,2014-06-07
1402444800000,649.9,649.9,630.04,630.04,2014-06-11
1402790400000,567.18,594.68,567.18,583.41,2014-06-15
1403136000000,592.52,607.16,592.52,593.39,2014-06-19
1403481600000,590.06,595.04,586.15,586.15,2014-06-23
1403827200000,582.41,598.24,561.47,598.24,2014-06-27
1404086400000,594.87,637.75,594.87,637.75,2014-06-30
1404345600000,643.94,648.11,640.28,640.28,2014-07-03
1404691200000,627.13,631.0,619.5,619.5,2014-07-07
1405036800000,620.05,630.84,615.13,630.84,2014-07-11
1405382400000,633.64,633.64,618.21,618.95,2014-07-15
1405728000000,614.15,627.02,614.15,626.18,2014-07-19
1406073600000,620.51,620.51,617.94,617.94,2014-07-23
1406419200000,599.81,600.1,590.38,590.38,2014-07-27
1406764800000,585.28,585.28,560.79,583.18,2014-07-31
1407024000000,593.87,593.87,585.57,585.57,2014-08-03
1407369600000,586.37,587.2,582.42,587.2,2014-08-07
1407715200000,590.91,590.91,573.41,573.41,2014-08-11
1408060800000,567.4,567.4,492.28,492.28,2014-08-15
1408406400000,521.05,521.05,459.89,484.15,2014-08-19
1408752000000,514.19,515.83,496.57,496.57,2014-08-23
1409097600000,508.11,510.64,500.39,510.45,2014-08-27
1409443200000,506.92,508.1,480.03,480.03,2014-08-31
1409702400000,475.82,475.82,474.69,474.73,2014-09-03
1410048000000,489.55,489.55,480.24,480.6,2014-09-07
1410393600000,471.13,477.11,471.13,476.38,2014-09-11
1410739200000,473.69,476.0,473.03,473.03,2014-09-15
1411084800000,462.59,462.59,393.26,393.26,2014-09-19
1411430400000,408.5,433.75,396.62,433.75,2014-09-23
1411776000000,420.92,420.92,398.01,398.01,2014-09-27
1412035200000,375.99,387.35,373.09,387.35,2014-09-30
1412294400000,380.89,380.89,356.19,356.19,2014-10-03
1412640000000,327.88,331.72,325.11,331.72,2014-10-07
1412985600000,353.39,359.52,353.39,359.52,2014-10-11
1413331200000,374.17,398.29,374.17,392.19,2014-10-15
1413676800000,379.39,389.12,379.39,386.95,2014-10-19
1414022400000,379.77,382.41,356.2,356.2,2014-10-23
1414368000000,354.32,354.32,347.03,348.29,2014-10-27
1414713600000,351.56,351.56,333.15,336.59,2014-10-31
1414972800000,323.98,324.0,323.98,324.0,2014-11-03
1415318400000,328.01,347.82,328.01,341.23,2014-11-07
1415664000000,344.18,366.15,344.18,366.15,2014-11-11
1416009600000,418.58,418.58,377.33,377.33,2014-11-15
1416355200000,387.62,387.62,374.87,376.79,2014-11-19
1416700800000,355.39,366.78,349.39,366.78,2014-11-23
1417046400000,377.74,377.74,365.77,368.45,2014-11-27
1417305600000,376.95,376.95,374.96,376.47,2014-11-30
1417564800000,379.49,381.38,374.1,374.1,2014-12-03
1417910400000,368.23,376.38,368.23,374.45,2014-12-07
1418256000000,361.43,361.43,346.91,346.91,2014-12-11
1418601600000,351.5,351.5,344.62,344.62,2014-12-15
1418947200000,328.53,328.53,309.77,317.54,2014-12-19
1419292800000,328.77,333.97,319.5,333.97,2014-12-23
1419638400000,322.19,327.72,314.57,314.57,2014-12-27
1419984000000,316.49,317.38,310.08,317.38,2014-12-31
1420243200000,313.99,314.45,286.57,286.57,2015-01-03
1420588800000,260.94,295.87,260.94,295.87,2015-01-07
1420934400000,284.45,289.57,267.18,267.18,2015-01-11
1421280000000,268.35,268.35,172.15,210.56,2015-01-15
1421625600000,205.82,214.55,199.49,214.55,2015-01-19
1421971200000,210.51,232.9,210.51,232.9,2015-01-23
1422316800000,248.1,271.29,248.1,259.24,2015-01-27
1422662400000,232.53,232.53,218.02,218.02,2015-01-31
1422921600000,226.27,240.02,226.01,226.01,2015-02-03
1423267200000,225.31,227.21,216.91,227.21,2015-02-07
1423612800000,222.91,222.91,219.1,219.1,2015-02-11
1423958400000,222.04,259.01,222.04,233.0,2015-02-15
1424304000000,235.92,242.46,234.62,240.3,2015-02-19
1424649600000,244.08,244.15,235.55,238.13,2015-02-23
1424995200000,238.73,253.9,236.17,253.9,2015-02-27
1425081600000,253.6,280.62,253.6,280.62,2015-02-28
1425686400000,273.02,275.58,272.34,275.58,2015-03-07
1426032000000,274.58,295.96,274.58,295.96,2015-03-11
1426377600000,293.92,293.92,281.49,285.26,2015-03-15
1426723200000,290.1,290.1,255.61,260.0,2015-03-19
1427068800000,260.91,267.8,259.49,266.03,2015-03-23
1427414400000,245.17,247.56,245.17,247.15,2015-03-27
1427760000000,252.05,252.05,241.91,243.27,2015-03-31
1428019200000,246.78,253.62,246.78,253.62,2015-04-03
1428364800000,253.32,259.71,253.21,253.21,2015-04-07
1428710400000,244.27,244.27,234.53,236.45,2015-04-11
1429056000000,235.74,235.74,218.0,223.02,2015-04-15
1429401600000,228.0,228.0,222.42,222.68,2015-04-19
1429747200000,224.31,235.17,224.31,235.17,2015-04-23
1430092800000,230.99,230.99,218.51,228.57,2015-04-27
1430352000000,225.64,236.22,225.64,236.22,2015-04-30
1430611200000,232.74,239.88,232.74,239.88,2015-05-03
1430956800000,238.97,238.97,229.82,236.85,2015-05-07
1431302400000,243.66,243.66,239.55,241.85,2015-05-11
1431648000000,241.52,241.52,235.48,236.99,2015-05-15
1431993600000,235.98,236.08,231.94,231.94,2015-05-19
1432339200000,234.05,240.94,234.05,239.03,2015-05-23
1432684800000,241.24,241.24,237.23,237.23,2015-05-27
1433030400000,237.49,237.49,229.68,229.68,2015-05-31
1433289600000,223.32,225.74,223.32,225.48,2015-06-03
1433635200000,224.17,225.29,223.62,223.62,2015-06-07
1433980800000,228.7,229.93,228.7,229.93,2015-06-11
1434326400000,230.52,237.2,230.52,237.2,2015-06-15
1434672000000,250.47,250.47,243.0,243.0,2015-06-19
1435017600000,245.48,247.28,243.85,243.85,2015-06-23
1435363200000,240.54,250.62,240.54,250.62,2015-06-27
1435622400000,248.35,262.41,248.35,262.41,2015-06-30
1435881600000,257.51,257.51,254.65,255.16,2015-07-03
1436227200000,260.42,271.04,260.42,265.38,2015-07-07
1436572800000,269.61,291.89,268.89,291.89,2015-07-11
1436918400000,310.19,310.19,283.95,283.95,2015-07-15
1437264000000,276.68,278.37,272.81,272.81,2015-07-19
1437609600000,277.25,277.25,274.94,275.61,2015-07-23
1437955200000,288.44,292.61,288.39,292.61,2015-07-27
1438300800000,293.99,293.99,283.68,283.68,2015-07-31
1438560000000,280.7,281.83,280.7,281.83,2015-08-03
1438905600000,284.24,284.24,278.01,278.51,2015-08-07
1439251200000,259.8,269.87,259.8,269.87,2015-08-11
1439596800000,267.71,267.71,260.48,260.48,2015-08-15
1439942400000,257.82,257.82,225.96,225.96,2015-08-19
1440288000000,234.64,234.64,227.25,227.25,2015-08-23
1440633600000,210.09,225.27,210.09,222.97,2015-08-27
1440979200000,231.66,231.66,228.07,230.08,2015-08-31
1441238400000,227.16,228.64,226.57,226.57,2015-09-03
1441584000000,230.05,240.5,230.05,240.5,2015-09-07
1441929600000,243.56,243.56,237.95,240.0,2015-09-11
1442275200000,234.91,234.91,229.91,229.91,2015-09-15
1442620800000,228.46,232.75,228.46,231.27,2015-09-19
1442966400000,230.66,230.66,226.45,229.87,2015-09-23
1443312000000,233.93,234.98,232.83,232.83,2015-09-27
1443571200000,239.28,239.28,236.05,236.05,2015-09-30
1443830400000,237.74,238.97,237.26,238.97,2015-10-03
1444176000000,238.66,246.44,238.66,243.22,2015-10-07
1444521600000,242.9,247.54,242.9,247.54,2015-10-11
1444867200000,245.57,254.63,245.57,254.63,2015-10-15
1445212800000,262.37,270.36,262.23,264.21,2015-10-19
1445558400000,270.27,277.39,267.02,277.39,2015-10-23
1445904000000,282.96,294.81,282.96,294.81,2015-10-27
1446249600000,303.64,325.8,303.64,312.28,2015-10-31
1446508800000,325.0,398.24,325.0,398.24,2015-11-03
1446854400000,404.36,404.36,372.83,387.06,2015-11-07
1447200000000,371.5,380.64,305.98,305.98,2015-11-11
1447545600000,337.96,337.96,320.48,320.48,2015-11-15
1447891200000,331.35,335.45,325.57,325.57,2015-11-19
1448236800000,321.42,325.16,321.42,322.83,2015-11-23
1448582400000,319.98,359.01,319.98,359.01,2015-11-27
1448841600000,356.21,378.27,356.21,378.27,2015-11-30
1449100800000,363.45,363.45,358.82,360.95,2015-12-03
1449446400000,362.77,394.36,362.77,394.36,2015-12-07
1449792000000,412.93,452.41,412.93,452.41,2015-12-11
1450137600000,434.9,465.0,434.9,465.0,2015-12-15
1450483200000,453.91,463.82,453.91,462.05,2015-12-19
1450828800000,441.13,442.82,436.24,442.82,2015-12-23
1451174400000,454.91,455.74,417.09,423.93,2015-12-27
1451520000000,420.71,432.15,420.71,431.14,2015-12-31
1451779200000,434.43,434.43,430.2,430.2,2016-01-03
1452124800000,433.53,456.43,431.34,456.43,2016-01-07
1452470400000,454.7,454.7,447.21,448.35,2016-01-11
1452816000000,445.79,445.79,365.91,365.91,2016-01-15
1453161600000,384.81,386.36,379.02,379.02,2016-01-19
1453507200000,418.85,418.85,377.21,389.64,2016-01-23
1453852800000,403.06,403.06,392.33,394.49,2016-01-27
1454198400000,379.55,379.55,364.35,364.35,2016-01-31
1454457600000,371.04,372.87,368.12,368.12,2016-02-03
1454803200000,388.38,388.38,374.9,375.52,2016-02-07
1455148800000,371.14,379.83,371.14,377.06,2016-02-11
1455494400000,382.72,404.14,382.72,399.38,2016-02-15
1455840000000,407.01,421.42,407.01,419.38,2016-02-19
1456185600000,441.12,441.12,420.3,420.3,2016-02-23
1456531200000,423.19,432.14,423.14,432.14,2016-02-27
1456704000000,432.8,436.92,432.8,436.92,2016-02-29
1456963200000,431.37,431.37,420.17,420.17,2016-03-03
1457308800000,409.41,413.74,397.24,413.74,2016-03-07
1457654400000,411.88,419.3,411.88,419.3,2016-03-11
1458000000000,410.8,415.64,410.8,415.64,2016-03-15
1458345600000,416.54,418.4,406.74,406.74,2016-03-19
1458691200000,411.88,418.08,411.09,418.08,2016-03-23
1459036800000,414.88,425.35,414.88,425.35,2016-03-27
1459382400000,422.76,422.76,412.6,415.37,2016-03-31
1459641600000,416.75,419.67,416.75,418.19,2016-04-03
1459987200000,419.44,422.65,419.44,421.08,2016-04-07
1460332800000,418.47,422.58,416.15,422.58,2016-04-11
1460678400000,426.18,429.97,424.27,429.97,2016-04-15
1461024000000,430.94,436.37,428.03,436.37,2016-04-19
1461369600000,441.92,451.82,441.92,451.82,2016-04-23
1461715200000,459.92,467.86,444.79,444.79,2016-04-27
1461974400000,449.38,456.57,447.9,447.9,2016-04-30
1462233600000,452.59,452.59,444.49,450.3,2016-05-03
1462579200000,447.12,461.62,447.12,459.25,2016-05-07
1462924800000,459.28,461.75,450.33,452.18,2016-05-11
1463270400000,454.73,457.84,454.73,457.84,2016-05-15
1463616000000,454.89,454.89,440.54,440.54,2016-05-19
1463961600000,441.89,443.18,438.68,443.18,2016-05-23
1464307200000,445.77,473.86,445.77,473.86,2016-05-27
1464652800000,528.55,534.22,524.62,531.41,2016-05-31
1464912000000,539.17,570.44,538.83,570.44,2016-06-03
1465257600000,573.53,585.56,573.53,577.91,2016-06-07
1465603200000,583.14,597.75,577.61,597.75,2016-06-11
1465948800000,671.71,704.29,671.71,693.23,2016-06-15
1466294400000,765.46,765.46,749.42,764.05,2016-06-19
1466640000000,734.16,734.16,591.9,623.21,2016-06-23
1466985600000,661.42,666.06,629.31,648.3,2016-06-27
1467244800000,646.84,671.62,637.44,671.62,2016-06-30
1467504000000,677.71,693.05,664.75,664.75,2016-07-03
1467849600000,678.7,678.7,638.62,638.62,2016-07-07
1468195200000,665.74,665.74,649.07,649.07,2016-07-11
1468540800000,670.95,670.95,658.15,665.69,2016-07-15
1468886400000,663.5,678.39,663.5,674.56,2016-07-19
1469232000000,670.89,670.89,651.09,655.42,2016-07-23
1469577600000,660.85,660.85,651.31,655.62,2016-07-27
1469923200000,655.89,657.34,623.75,623.75,2016-07-31
1470182400000,605.75,605.75,517.13,567.38,2016-08-03
1470528000000,576.6,592.67,576.03,592.67,2016-08-07
1470873600000,590.71,592.27,585.3,587.61,2016-08-11
1471219200000,586.53,586.53,567.73,567.73,2016-08-15
1471564800000,578.22,578.22,571.46,573.49,2016-08-19
1471910400000,581.95,585.22,580.59,582.0,2016-08-23
1472256000000,577.89,578.1,568.58,568.58,2016-08-27
1472601600000,573.53,576.08,571.76,571.76,2016-08-31
1472860800000,571.59,596.2,571.59,596.2,2016-09-03
1473206400000,608.69,614.33,606.64,614.33,2016-09-07
1473552000000,625.47,625.47,605.32,605.32,2016-09-11
1473897600000,605.83,608.43,605.58,605.58,2016-09-15
1474243200000,606.55,608.8,605.34,608.62,2016-09-19
1474588800000,607.77,607.77,594.96,601.89,2016-09-23
1474934400000,601.27,606.1,599.31,604.21,2016-09-27
1475193600000,603.55,608.26,603.55,608.26,2016-09-30
1475452800000,614.06,614.06,610.36,611.96,2016-10-03
1475798400000,609.24,616.22,609.24,616.22,2016-10-07
1476144000000,616.53,640.7,614.31,640.7,2016-10-11
1476489600000,635.62,638.18,634.62,637.21,2016-10-15
1476835200000,640.19,640.19,628.44,628.44,2016-10-19
1477180800000,628.54,652.09,628.54,649.63,2016-10-23
1477526400000,648.77,683.37,648.77,683.37,2016-10-27
1477872000000,687.56,715.41,687.56,698.58,2016-10-31
1478131200000,729.2,734.16,686.06,686.06,2016-11-03
1478476800000,702.11,712.13,702.11,706.09,2016-11-07
1478822400000,708.94,721.18,708.94,715.64,2016-11-11
1479168000000,703.76,712.16,702.35,712.16,2016-11-15
1479513600000,740.9,750.41,738.48,750.41,2016-11-19
1479859200000,728.37,748.12,728.37,741.17,2016-11-23
1480204800000,736.75,738.2,727.76,727.76,2016-11-27
1480464000000,731.84,742.36,731.81,742.36,2016-11-30
1480723200000,753.06,771.17,753.06,764.83,2016-12-03
1481068800000,766.37,766.37,752.24,763.91,2016-12-07
1481414400000,768.67,773.13,768.23,768.23,2016-12-11
1481760000000,778.43,778.43,775.57,775.57,2016-12-15
1482105600000,781.34,790.12,781.34,790.12,2016-12-19
1482451200000,799.72,917.1,799.72,917.1,2016-12-23
1482796800000,891.68,929.12,891.68,929.12,2016-12-27
1483142400000,977.14,977.14,960.93,966.57,2016-12-31
1483401600000,998.05,1035.53,998.05,1035.53,2017-01-03
1483747200000,1130.85,1130.85,894.03,900.08,2017-01-07
1484092800000,908.09,908.09,784.28,784.28,2017-01-11
1484438400000,799.43,824.5,799.43,821.91,2017-01-15
1484784000000,828.31,904.15,828.31,896.89,2017-01-19
1485129600000,891.46,919.68,891.46,918.91,2017-01-23
1485475200000,885.79,918.29,885.79,918.29,2017-01-27
1485820800000,920.25,968.27,914.14,968.27,2017-01-31
1486080000000,986.57,1015.44,986.57,1015.44,2017-02-03
1486425600000,1033.63,1051.5,1016.93,1051.5,2017-02-07
1486771200000,1055.3,1055.3,981.7,1010.95,2017-02-11
1487116800000,1000.52,1010.1,996.1,1008.88,2017-02-15
1487462400000,1034.9,1058.58,1034.9,1053.5,2017-02-19
1487808000000,1082.02,1185.65,1082.02,1185.65,2017-02-23
1488153600000,1180.87,1193.13,1149.4,1193.13,2017-02-27
1488240000000,1190.33,1289.54,1190.33,1289.54,2017-02-28
1488844800000,1268.81,1280.99,1233.06,1233.06,2017-03-07
1489190400000,1149.63,1191.24,1100.01,1181.2,2017-03-11
1489536000000,1230.56,1258.46,1230.56,1258.46,2017-03-15
1489881600000,1217.31,1217.31,961.96,1023.49,2017-03-19
1490227200000,1036.33,1112.7,1029.14,1029.14,2017-03-23
1490572800000,940.02,1042.61,940.02,1042.61,2017-03-27
1490918400000,1044.72,1078.27,1031.49,1078.27,2017-03-31
1491177600000,1085.25,1139.31,1085.25,1139.31,2017-04-03
1491523200000,1140.5,1194.21,1132.34,1189.78,2017-04-07
1491868800000,1182.27,1226.62,1182.27,1226.62,2017-04-11
1492214400000,1218.3,1218.3,1174.21,1180.32,2017-04-15
1492560000000,1186.31,1225.72,1186.31,1225.72,2017-04-19
1492905600000,1253.9,1254.99,1247.84,1247.84,2017-04-23
1493251200000,1249.96,1331.31,1249.96,1331.31,2017-04-27
1493510400000,1321.21,1349.89,1321.21,1349.89,2017-04-30
1493769600000,1408.45,1485.82,1408.45,1485.82,2017-05-03
1494115200000,1499.36,1557.88,1499.36,1557.88,2017-05-07
1494460800000,1633.38,1808.78,1633.38,1808.78,2017-05-11
1494806400000,1700.77,1767.71,1696.13,1696.13,2017-05-15
1495152000000,1716.32,1972.9,1716.32,1972.9,2017-05-19
1495497600000,2043.42,2292.7,2043.42,2292.7,2017-05-23
1495843200000,2448.13,2448.13,2082.85,2082.85,2017-05-27
1496188800000,2219.49,2329.08,2167.64,2329.08,2017-05-31
1496448000000,2436.04,2562.54,2436.04,2562.54,2017-06-03
1496793600000,2556.41,2903.44,2556.41,2716.06,2017-06-07
1497139200000,2824.2,3013.71,2817.06,3013.71,2017-06-11
1497484800000,2701.26,2736.19,2444.49,2444.49,2017-06-15
1497830400000,2513.81,2683.57,2513.81,2620.14,2017-06-19
1498176000000,2777.79,2777.79,2717.0,2737.75,2017-06-23
1498521600000,2618.42,2618.42,2488.19,2531.35,2017-06-27
1498780800000,2575.44,2575.44,2490.75,2490.75,2017-06-30
1499040000000,2439.82,2576.71,2439.82,2576.71,2017-07-03
1499385600000,2611.0,2612.67,2509.22,2509.22,2017-07-07
1499731200000,2563.2,2563.2,2353.91,2353.91,2017-07-11
1500076800000,2387.33,2387.33,2033.29,2033.29,2017-07-15
1500422400000,1927.1,2303.89,1927.1,2274.62,2017-07-19
1500768000000,2766.83,2802.35,2658.07,2731.6,2017-07-23
1501113600000,2751.35,2751.35,2507.39,2649.44,2017-07-27
1501459200000,2798.83,2871.37,2720.1,2871.37,2017-07-31
1501718400000,2737.76,2777.37,2697.85,2777.37,2017-08-03
1502064000000,2845.9,3356.71,2845.9,3356.71,2017-08-07
1502409600000,3410.45,3562.59,3330.9,3562.59,2017-08-11
1502755200000,3800.14,4175.7,3800.14,4149.31,2017-08-15
1503100800000,4262.56,4286.92,4097.69,4115.21,2017-08-19
1503446400000,4001.23,4069.08,3935.23,4069.08,2017-08-23
1503792000000,4167.29,4199.89,4116.47,4116.47,2017-08-27
1504137600000,4216.24,4702.94,4216.24,4702.94,2017-08-31
1504396800000,4863.19,4863.19,4556.6,4632.46,2017-09-03
1504742400000,4317.19,4592.25,4317.19,4584.82,2017-09-07
1505088000000,4285.21,4285.21,4132.66,4164.98,2017-09-11
1505433600000,4130.96,4130.96,3100.67,3587.94,2017-09-15
1505779200000,3606.28,4012.29,3553.43,3898.93,2017-09-19
1506124800000,3858.02,3858.02,3622.18,3763.41,2017-09-23
1506470400000,3672.31,4134.21,3672.31,4134.21,2017-09-27
1506729600000,4134.88,4297.79,4130.42,4297.79,2017-09-30
1506988800000,4347.58,4383.33,4319.07,4319.07,2017-10-03
1507334400000,4231.46,4405.02,4231.46,4405.02,2017-10-07
1507680000000,4562.32,4807.93,4562.32,4807.93,2017-10-11
1508025600000,5331.62,5684.05,5331.62,5684.05,2017-10-15
1508371200000,5728.93,5728.93,5592.78,5696.38,2017-10-19
1508716800000,5952.77,6043.97,5952.77,5959.98,2017-10-23
1509062400000,5550.08,5883.05,5550.08,5775.52,2017-10-27
1509408000000,5734.31,6368.65,5734.31,6368.65,2017-10-31
1509667200000,6714.79,7234.74,6714.79,7234.74,2017-11-03
1510012800000,7390.54,7416.27,7103.05,7166.74,2017-11-07
1510358400000,7461.82,7461.82,6365.4,6365.4,2017-11-11
1510704000000,5866.51,7297.67,5866.51,7297.67,2017-11-15
1511049600000,7814.94,8011.15,7783.54,8011.15,2017-11-19
1511395200000,8220.51,8257.12,8114.13,8117.66,2017-11-23
1511740800000,8278.13,9831.4,8278.13,9831.4,2017-11-27
1512000000000,10257.07,10406.19,9875.89,10406.19,2017-11-30
1512259200000,10995.72,11256.7,10995.72,11256.7,2017-12-03
1512604800000,11634.98,18491.18,11634.98,18491.18,2017-12-07
1512950400000,16908.0,17106.51,15266.43,17106.51,2017-12-11
1513296000000,17249.92,17978.63,16525.04,17978.63,2017-12-15
1513641600000,19665.39,19665.39,18174.19,18174.19,2017-12-19
1513987200000,17059.89,17059.89,14084.82,15241.92,2017-12-23
1514332800000,14451.11,16616.68,14302.75,16373.08,2017-12-27
1514678400000,15067.9,15096.56,13620.36,14839.59,2017-12-31
1514937600000,14093.61,15583.89,14093.61,15583.89,2018-01-03
1515283200000,15976.37,18343.66,15976.37,17039.87,2018-01-07
1515628800000,15900.37,15900.37,14050.57,14050.57,2018-01-11
1515974400000,14759.29,15193.31,14412.0,14412.0,2018-01-15
1516320000000,11723.91,11758.47,11415.39,11758.47,2018-01-19
1516665600000,13260.27,13260.27,10894.0,10894.0,2018-01-23
1517011200000,11277.12,11456.21,11044.91,11456.21,2018-01-27
1517356800000,11665.7,11665.7,9989.69,9989.69,2018-01-31
1517616000000,10114.5,10114.5,8830.16,8830.16,2018-02-03
1517961600000,8994.91,8994.91,6852.05,7711.22,2018-02-07
1518307200000,7611.61,8650.72,7611.61,8574.68,2018-02-11
1518652800000,8168.64,9428.03,8168.64,9428.03,2018-02-15
1518998400000,10112.58,11006.65,10112.58,10523.43,2018-02-19
1519344000000,11103.09,11502.38,9973.59,10032.86,2018-02-23
1519689600000,10301.88,10355.58,9699.52,10355.58,2018-02-27
1519776000000,10709.39,11098.08,10346.66,11098.08,2018-02-28
1520380800000,11356.04,11526.42,10727.72,10727.72,2018-03-07
1520726400000,9999.68,9999.68,8890.87,8890.87,2018-03-11
1521072000000,9512.46,9512.46,8307.22,8307.22,2018-03-15
1521417600000,8359.37,8520.01,8063.41,8217.84,2018-03-19
1521763200000,8640.52,8970.32,8640.52,8736.39,2018-03-23
1522108800000,8824.59,8824.59,8186.2,8186.2,2018-03-27
1522454400000,7836.76,7930.78,6897.27,6897.27,2018-03-31
1522713600000,6975.28,7080.42,6836.57,7080.42,2018-04-03
1523059200000,7464.36,7464.36,6628.75,6628.75,2018-04-07
1523404800000,6884.48,6984.81,6778.49,6829.32,2018-04-11
1523750400000,6925.1,7897.72,6925.1,7897.72,2018-04-15
1524096000000,8258.07,8258.07,7873.64,8097.42,2018-04-19
1524441600000,8277.46,8878.43,8277.46,8769.01,2018-04-23
1524787200000,8881.39,9716.49,8825.2,9221.87,2018-04-27
1525046400000,8940.38,9325.63,8940.38,9325.63,2018-04-30
1525305600000,9198.19,9198.19,9024.39,9122.65,2018-05-03
1525651200000,9551.14,9766.24,9551.14,9583.87,2018-05-07
1525996800000,9308.27,9308.27,8969.94,8969.94,2018-05-11
1526342400000,8405.56,8696.97,8405.56,8696.97,2018-05-15
1526688000000,8473.35,8473.35,8056.05,8202.83,2018-05-19
1527033600000,8180.63,8443.26,8009.3,8009.3,2018-05-23
1527379200000,7556.32,7563.44,7328.87,7328.87,2018-05-27
1527724800000,7326.64,7451.23,7111.07,7380.85,2018-05-31
1527984000000,7460.17,7567.51,7460.17,7567.51,2018-06-03
1528329600000,7639.88,7639.88,7463.65,7605.58,2018-06-07
1528675200000,7613.78,7613.78,6767.5,6767.5,2018-06-11
1529020800000,6880.13,6880.13,6334.1,6644.72,2018-06-15
1529366400000,6406.81,6677.53,6406.81,6677.53,2018-06-19
1529712000000,6708.68,6714.38,6088.58,6088.58,2018-06-23
1530057600000,6169.44,6241.85,6069.87,6069.87,2018-06-27
1530316800000,6117.04,6182.26,5879.99,6182.26,2018-06-30
1530576000000,6366.5,6595.55,6312.88,6595.55,2018-07-03
1530921600000,6497.61,6603.29,6497.61,6603.29,2018-07-07
1531267200000,6759.84,6759.84,6303.38,6303.38,2018-07-11
1531612800000,6373.23,6373.23,6230.59,6246.14,2018-07-15
1531958400000,6349.7,7334.77,6349.7,7334.77,2018-07-19
1532304000000,7442.8,7442.8,7331.87,7395.87,2018-07-23
1532649600000,7705.0,8422.37,7705.0,7929.08,2018-07-27
1532995200000,8145.33,8197.59,8145.33,8185.92,2018-07-31
1533254400000,7738.25,7738.25,7540.63,7540.63,2018-08-03
1533600000000,7411.67,7411.67,6926.12,6926.12,2018-08-07
1533945600000,6711.73,6711.73,6166.59,6166.59,2018-08-11
1534291200000,6205.22,6318.41,6205.22,6212.23,2018-08-15
1534636800000,6267.77,6566.72,6267.77,6382.06,2018-08-19
1534982400000,6475.49,6475.49,6242.88,6336.66,2018-08-23
1535328000000,6521.07,6736.04,6521.07,6728.29,2018-08-27
1535673600000,6911.1,7075.98,6911.1,7024.15,2018-08-31
1535932800000,7027.63,7305.27,7027.63,7305.27,2018-09-03
1536278400000,7260.9,7359.46,6498.28,6498.28,2018-09-07
1536624000000,6397.82,6397.82,6181.19,6308.14,2018-09-11
1536969600000,6278.92,6500.01,6278.92,6500.01,2018-09-15
1537315200000,6530.22,6530.22,6250.12,6347.07,2018-09-19
1537660800000,6383.75,6753.83,6383.75,6747.03,2018-09-23
1538006400000,6711.03,6711.03,6441.31,6462.8,2018-09-27
1538265600000,6704.7,6704.7,6606.07,6606.07,2018-09-30
1538524800000,6626.04,6626.04,6524.61,6524.61,2018-10-03
1538870400000,6499.26,6621.19,6499.26,6589.12,2018-10-07
1539216000000,6584.83,6653.09,6582.46,6582.46,2018-10-11
1539561600000,6234.37,6328.55,6234.37,6328.55,2018-10-15
1539907200000,6659.88,6659.88,6517.51,6517.51,2018-10-19
1540252800000,6483.83,6532.68,6483.83,6512.59,2018-10-23
1540598400000,6472.8,6481.44,6458.19,6468.83,2018-10-27
1540944000000,6457.06,6481.32,6292.65,6331.78,2018-10-31
1541203200000,6366.72,6425.44,6366.72,6425.44,2018-11-03
1541548800000,6388.19,6474.85,6351.06,6474.85,2018-11-07
1541894400000,6574.8,6574.8,6413.78,6429.9,2018-11-11
1542240000000,6434.28,6434.28,5788.61,5788.61,2018-11-15
1542585600000,5686.54,5686.54,5599.19,5638.86,2018-11-19
1542931200000,4889.2,4889.2,4307.39,4307.39,2018-11-23
1543276800000,4376.9,4376.9,3811.92,3811.92,2018-11-27
1543536000000,3832.92,4279.48,3832.92,4279.48,2018-11-30
1543795200000,4009.69,4189.57,4009.69,4124.59,2018-12-03
1544140800000,3878.84,3943.69,3466.76,3466.76,2018-12-07
1544486400000,3408.52,3550.55,3408.52,3433.81,2018-12-11
1544832000000,3378.81,3438.1,3216.63,3216.63,2018-12-15
1545177600000,3221.98,3655.78,3217.05,3655.78,2018-12-19
1545523200000,3687.75,4065.1,3687.75,3960.57,2018-12-23
1545868800000,3941.62,4021.99,3759.18,3781.61,2018-12-27
1546214400000,3587.7,3854.42,3587.7,3809.73,2018-12-31
1546473600000,3692.53,3872.17,3692.53,3872.17,2019-01-03
1546819200000,3776.53,4013.52,3776.53,4013.52,2019-01-07
1547164800000,3989.67,3989.67,3623.85,3623.85,2019-01-11
1547510400000,3632.85,3648.05,3495.83,3648.05,2019-01-15
1547856000000,3567.8,3620.98,3567.8,3597.79,2019-01-19
1548201600000,3674.59,3674.59,3531.0,3571.27,2019-01-23
1548547200000,3555.7,3565.64,3555.7,3563.61,2019-01-27
1548892800000,3553.12,3553.12,3413.38,3457.88,2019-01-31
1549152000000,3431.94,3486.58,3431.94,3486.58,2019-02-03
1549497600000,3454.03,3469.89,3405.84,3405.84,2019-02-07
1549843200000,3394.01,3675.69,3394.01,3675.69,2019-02-11
1550188800000,3631.44,3633.97,3589.66,3589.66,2019-02-15
1550534400000,3601.23,3886.52,3601.23,3886.52,2019-02-19
1550880000000,3915.01,3976.81,3915.01,3973.64,2019-02-23
1551225600000,4115.34,4115.34,3742.87,3809.21,2019-02-27
1551312000000,3813.38,3819.65,3813.38,3819.65,2019-02-28
1551916800000,3806.95,3860.51,3712.81,3860.51,2019-03-07
1552262400000,3871.64,3941.6,3861.88,3923.56,2019-03-11
1552608000000,3860.36,3876.7,3860.36,3876.7,2019-03-15
1552953600000,3925.46,4007.71,3925.46,3986.71,2019-03-19
1553299200000,4013.58,4045.57,3983.32,3989.16,2019-03-23
1553644800000,4008.95,4008.95,3927.58,3938.66,2019-03-27
1553990400000,4036.16,4103.86,4028.39,4103.86,2019-03-31
1554249600000,4103.52,4862.23,4103.52,4862.23,2019-04-03
1554595200000,4955.83,5041.87,4899.02,5041.87,2019-04-07
1554940800000,5176.98,5308.91,5172.18,5308.91,2019-04-11
1555286400000,5047.79,5149.31,5047.79,5149.31,2019-04-15
1555632000000,5039.88,5274.77,5039.88,5274.77,2019-04-19
1555977600000,5280.35,5380.94,5280.35,5380.94,2019-04-23
1556323200000,5557.93,5557.93,5203.09,5295.85,2019-04-27
1556582400000,5256.98,5257.8,5199.76,5199.76,2019-04-30
1556841600000,5292.8,5450.71,5292.8,5450.71,2019-05-03
1557187200000,5731.49,5803.94,5715.76,5715.76,2019-05-07
1557532800000,5841.05,6370.23,5841.05,6370.23,2019-05-11
1557878400000,7258.26,7990.06,6953.75,7990.06,2019-05-15
1558224000000,8192.22,8192.22,7300.66,7300.66,2019-05-19
1558569600000,8168.73,8168.73,7665.8,7665.8,2019-05-23
1558915200000,7861.81,8631.08,7861.81,8631.08,2019-05-27
1559260800000,8816.03,8816.03,8310.89,8310.89,2019-05-31
1559520000000,8575.65,8743.71,8554.26,8743.71,2019-06-03
1559865600000,8173.63,8173.63,7683.64,7821.12,2019-06-07
1560211200000,8036.11,8036.11,7668.03,8002.73,2019-06-11
1560556800000,7897.98,8671.51,7897.98,8671.51,2019-06-15
1560902400000,8818.61,9312.87,8818.61,9094.02,2019-06-19
1561248000000,9285.93,10704.92,9285.93,10704.92,2019-06-23
1561593600000,10846.13,12996.12,10846.13,12996.12,2019-06-27
1561852800000,11178.68,12352.2,11178.68,11972.56,2019-06-30
1562112000000,10888.1,10888.1,10639.05,10822.76,2019-07-03
1562457600000,11975.64,11975.64,10987.25,11279.48,2019-07-07
1562803200000,11436.43,12544.17,11436.43,12166.4,2019-07-11
1563148800000,11385.06,11804.56,10285.46,10285.46,2019-07-15
1563494400000,10911.35,10911.35,9538.83,10636.16,2019-07-19
1563840000000,10536.57,10774.28,10343.32,10343.32,2019-07-23
1564185600000,9936.38,9936.38,9799.31,9846.0,2019-07-27
1564531200000,9447.68,9568.44,9447.68,9568.44,2019-07-31
1564790400000,10063.0,10529.17,10063.0,10529.17,2019-08-03
1565136000000,10791.2,11818.53,10791.2,11510.16,2019-08-07
1565481600000,11970.66,12024.33,11327.84,11327.84,2019-08-11
1565827200000,11550.0,11550.0,10016.22,10016.22,2019-08-15
1566172800000,10295.88,10324.99,10224.22,10309.87,2019-08-19
1566518400000,10895.97,10895.97,10124.06,10127.79,2019-08-23
1566864000000,10385.51,10385.51,10090.06,10334.91,2019-08-27
1567209600000,10167.89,10167.89,9485.14,9588.99,2019-08-31
1567468800000,9607.29,10323.02,9607.29,10323.02,2019-09-03
1567814400000,10620.17,10620.17,10350.75,10350.75,2019-09-07
1568160000000,10461.55,10461.55,10121.1,10121.1,2019-09-11
1568505600000,10150.71,10401.32,10150.71,10349.55,2019-09-15
1568851200000,10305.68,10305.68,10158.85,10158.85,2019-09-19
1569196800000,10253.23,10253.23,9997.2,10041.3,2019-09-23
1569542400000,9699.5,9699.5,8098.81,8098.81,2019-09-27
1569801600000,8183.48,8225.11,8064.38,8064.38,2019-09-30
1570060800000,8271.29,8366.5,8271.29,8350.13,2019-10-03
1570406400000,8176.35,8176.35,7890.23,7890.23,2019-10-07
1570752000000,8182.25,8573.06,8180.69,8561.52,2019-10-11
1571097600000,8277.85,8347.35,8277.85,8347.35,2019-10-15
1571443200000,8175.86,8175.86,7957.31,7957.31,2019-10-19
1571788800000,7949.8,8220.92,7949.8,8045.29,2019-10-23
1572134400000,7468.53,9217.24,7433.92,9217.24,2019-10-27
1572480000000,9502.02,9502.02,9171.87,9171.87,2019-10-31
1572739200000,9151.82,9302.83,9151.82,9302.83,2019-11-03
1573084800000,9204.29,9378.95,9204.29,9340.05,2019-11-07
1573430400000,9221.07,9221.07,8795.9,9043.67,2019-11-11
1573776000000,8729.92,8806.75,8652.03,8652.03,2019-11-15
1574121600000,8480.44,8508.5,8202.83,8202.83,2019-11-19
1574467200000,8138.83,8138.83,7293.01,7293.01,2019-11-23
1574812800000,7309.69,7309.69,6935.74,7157.68,2019-11-27
1575072000000,7483.75,7720.87,7438.62,7720.87,2019-11-30
1575331200000,7556.4,7556.4,7308.98,7308.98,2019-12-03
1575676800000,7286.08,7530.92,7209.97,7530.92,2019-12-07
1576022400000,7493.55,7508.32,7233.95,7233.95,2019-12-11
1576368000000,7197.43,7247.35,7081.74,7081.74,2019-12-15
1576713600000,7108.56,7274.77,6627.16,7274.77,2019-12-19
1577059200000,7152.56,7488.2,7141.55,7488.2,2019-12-23
1577404800000,7335.21,7335.21,7204.18,7208.49,2019-12-27
1577750400000,7247.62,7394.03,7240.43,7240.43,2019-12-31
1578009600000,7195.15,7195.15,6963.85,6963.85,2020-01-03
1578355200000,7300.35,7734.68,7300.35,7734.68,2020-01-07
1578700800000,8147.42,8180.51,7832.8,8180.51,2020-01-11
1579046400000,8012.09,8801.87,8012.09,8801.87,2020-01-15
1579392000000,8820.85,8906.9,8720.92,8906.9,2020-01-19
1579737600000,8690.38,8724.82,8631.25,8665.44,2020-01-23
1580083200000,8415.96,8595.73,8348.67,8595.73,2020-01-27
1580428800000,8879.34,9509.81,8879.34,9509.81,2020-01-31
1580688000000,9308.06,9363.22,9308.06,9338.42,2020-02-03
1581033600000,9308.91,9744.64,9179.96,9744.64,2020-02-07
1581379200000,9799.45,10148.38,9799.45,9890.12,2020-02-11
1581724800000,10226.93,10328.9,10221.26,10320.16,2020-02-15
1582070400000,9894.14,10133.82,9723.61,10133.82,2020-02-19
1582416000000,9618.41,9673.01,9608.17,9658.61,2020-02-23
1582761600000,9946.72,9946.72,8801.66,8801.66,2020-02-27
1582934400000,8781.18,8781.18,8717.33,8717.33,2020-02-29
1583193600000,8552.99,8905.88,8552.99,8905.88,2020-03-03
1583539200000,8756.72,9135.85,8756.72,9135.85,2020-03-07
1583884800000,8902.2,8902.2,7906.73,7906.73,2020-03-11
1584230400000,7935.52,7935.52,5142.99,5214.19,2020-03-15
1584576000000,5397.93,5397.93,5032.5,5376.28,2020-03-19
1584921600000,6170.2,6195.6,5859.65,5859.65,2020-03-23
1585267200000,6456.35,6765.56,6456.35,6765.56,2020-03-27
1585612800000,6397.83,6403.14,5915.34,6403.14,2020-03-31
1585872000000,6421.71,6807.9,6421.71,6807.9,2020-04-03
1586217600000,6732.85,7297.64,6732.85,7297.64,2020-04-07
1586563200000,7196.78,7342.29,6864.69,6864.69,2020-04-11
1586908800000,6878.78,6913.16,6857.54,6860.18,2020-04-15
1587254400000,6629.43,7242.51,6629.43,7242.51,2020-04-19
1587600000000,7127.51,7127.51,6842.04,7110.0,2020-04-23
1587945600000,7382.79,7683.87,7382.79,7683.87,2020-04-27
1588204800000,7774.28,8744.43,7758.23,8744.43,2020-04-30
1588464000000,8610.64,8966.31,8610.64,8966.31,2020-05-03
1588809600000,8888.67,9144.69,8884.41,9144.69,2020-05-07
1589155200000,9959.17,9959.17,8752.62,8752.62,2020-05-11
1589500800000,8604.75,9796.49,8604.75,9796.49,2020-05-15
1589846400000,9309.3,9708.44,9309.3,9708.44,2020-05-19
1590192000000,9760.2,9760.2,9059.96,9131.77,2020-05-23
1590537600000,9170.36,9170.36,8731.85,8839.13,2020-05-27
1590883200000,9174.12,9662.71,9174.12,9662.71,2020-05-31
1591142400000,9466.96,10167.93,9466.96,9515.24,2020-06-03
1591488000000,9645.23,9776.2,9636.97,9662.86,2020-06-07
1591833600000,9738.6,9874.9,9738.6,9874.9,2020-06-11
1592179200000,9326.0,9469.53,9326.0,9345.96,2020-06-15
1592524800000,9431.72,9524.93,9399.77,9399.77,2020-06-19
1592870400000,9312.78,9678.68,9298.36,9678.68,2020-06-23
1593216000000,9624.68,9624.68,9166.49,9166.49,2020-06-27
1593475200000,9013.91,9185.17,9013.91,9185.17,2020-06-30
1593734400000,9149.72,9230.67,9094.32,9094.32,2020-07-03
1594080000000,9071.39,9342.38,9071.39,9342.38,2020-07-07
1594425600000,9253.63,9432.17,9235.72,9282.91,2020-07-11
1594771200000,9234.31,9297.48,9234.31,9247.06,2020-07-15
1595116800000,9203.37,9203.37,9136.48,9168.4,2020-07-19
1595462400000,9202.62,9514.3,9163.16,9514.3,2020-07-23
1595808000000,9589.82,9925.75,9535.94,9925.75,2020-07-27
1596153600000,10962.26,11116.31,10904.92,11116.31,2020-07-31
1596412800000,11325.55,11812.09,11066.31,11066.31,2020-08-03
1596758400000,11230.91,11768.13,11181.92,11768.13,2020-08-07
1597104000000,11571.49,11862.94,11571.49,11862.94,2020-08-11
1597449600000,11398.67,11817.16,11398.67,11777.39,2020-08-15
1597795200000,11864.91,12272.47,11864.91,11949.61,2020-08-19
1598140800000,11733.28,11861.84,11515.12,11676.39,2020-08-23
1598486400000,11647.93,11758.83,11350.75,11465.0,2020-08-27
1598832000000,11300.4,11701.0,11300.4,11701.0,2020-08-31
1599091200000,11672.32,11895.23,11418.25,11418.25,2020-09-03
1599436800000,10197.46,10484.47,10177.79,10260.02,2020-09-07
1599782400000,10359.45,10359.45,10125.01,10342.16,2020-09-11
1600128000000,10378.22,10661.1,10328.87,10661.1,2020-09-15
1600473600000,10787.58,10952.25,10787.58,10927.15,2020-09-19
1600819200000,11084.0,11084.0,10439.52,10527.59,2020-09-23
1601164800000,10223.78,10743.19,10223.78,10743.19,2020-09-27
1601424000000,10765.3,10837.52,10672.03,10837.52,2020-09-30
1601683200000,10770.88,10770.88,10572.67,10572.67,2020-10-03
1602028800000,10546.66,10784.95,10546.66,10605.96,2020-10-07
1602374400000,10668.01,11286.54,10668.01,11286.54,2020-10-11
1602720000000,11377.81,11543.18,11377.81,11435.57,2020-10-15
1603065600000,11495.58,11495.9,11319.1,11495.9,2020-10-19
1603411200000,11752.15,12951.04,11752.15,12951.04,2020-10-23
1603756800000,12928.07,13106.05,12928.07,13060.79,2020-10-27
1604102400000,13655.19,13655.19,13283.0,13537.17,2020-10-31
1604361600000,13778.64,13778.64,13558.36,13558.36,2020-11-03
1604707200000,13989.98,15553.33,13989.98,15548.31,2020-11-07
1605052800000,14818.46,15496.32,14818.46,15278.71,2020-11-11
1605398400000,15686.91,16326.81,15686.91,16095.56,2020-11-15
1605744000000,15984.67,17829.93,15984.67,17829.93,2020-11-19
1606089600000,17819.76,18689.53,17819.76,18390.61,2020-11-23
1606435200000,18360.69,19091.52,17138.03,17138.03,2020-11-27
1606694400000,17140.28,18169.95,17140.28,18169.95,2020-11-30
1606953600000,19609.52,19609.52,18857.42,19208.4,2020-12-03
1607299200000,19435.2,19435.2,18711.23,19325.55,2020-12-07
1607644800000,19198.81,19198.81,18262.06,18262.06,2020-12-11
1607990400000,18058.03,19259.97,18058.03,19259.97,2020-12-15
1608336000000,19432.36,23120.57,19432.36,23120.57,2020-12-19
1608681600000,23863.85,23863.85,22840.99,23794.79,2020-12-23
1609027200000,23308.13,26476.13,23308.13,26476.13,2020-12-27
1609372800000,26423.23,28837.29,26423.23,28837.29,2020-12-31
1609632000000,29022.42,32163.82,29022.42,32163.82,2021-01-03
1609977600000,33008.23,36933.52,31515.58,36933.52,2021-01-07
1610323200000,39547.08,40815.96,38397.9,38397.9,2021-01-11
1610668800000,35669.91,39232.75,33938.34,39232.75,2021-01-15
1611014400000,36787.52,36787.52,35804.26,36595.46,2021-01-19
1611360000000,36104.86,36104.86,30913.7,32957.91,2021-01-23
1611705600000,32068.09,32582.11,32068.09,32582.11,2021-01-27
1612051200000,30445.53,34199.52,30445.53,34199.52,2021-01-31
1612310400000,33064.79,35485.99,33064.79,35485.99,2021-02-03
1612656000000,37494.72,39279.41,36816.51,39279.41,2021-02-07
1613001600000,38833.34,46569.56,38833.34,44848.69,2021-02-11
1613347200000,47815.96,48607.87,46941.29,48607.87,2021-02-15
1613692800000,47898.49,52143.68,47898.49,51733.08,2021-02-19
1614038400000,56038.73,57669.3,54410.86,54410.86,2021-02-23
1614384000000,48691.89,49849.38,46551.49,46551.49,2021-02-27
1614470400000,46653.53,49787.34,44970.16,48532.24,2021-02-28
1615075200000,50577.46,50577.46,48727.45,49019.37,2021-03-07
1615420800000,51313.09,56020.49,51313.09,56020.49,2021-03-11
1615766400000,57788.87,61315.2,57353.86,59428.97,2021-03-15
1616112000000,55805.33,59014.93,55805.33,57922.41,2021-03-19
1616457600000,58243.27,58376.16,54370.14,54370.14,2021-03-23
1616803200000,54584.87,55033.1,51416.91,55033.1,2021-03-27
1617148800000,55832.42,58668.63,55728.1,58668.63,2021-03-31
1617408000000,58817.37,59060.03,58801.19,59060.03,2021-04-03
1617753600000,57060.41,58706.82,57060.41,58062.18,2021-04-07
1618099200000,56134.42,59979.39,56134.42,59979.39,2021-04-11
1618444800000,59988.02,63576.68,59911.02,62807.12,2021-04-15
1618790400000,63179.77,63179.77,56288.95,56288.95,2021-04-19
1619136000000,55721.17,56294.73,51965.57,51965.57,2021-04-23
1619481600000,51191.12,53978.81,48981.44,53978.81,2021-04-27
1619740800000,54991.81,54991.81,53596.7,53596.7,2021-04-30
1620000000000,57828.51,57828.51,56600.75,56600.75,2021-05-03
1620345600000,57200.3,57432.1,53464.37,56507.76,2021-05-07
1620691200000,57361.57,58771.88,55901.67,55901.67,2021-05-11
1621036800000,56928.97,56928.97,49913.26,49913.26,2021-05-15
1621382400000,46780.9,46780.9,43091.04,43091.04,2021-05-19
1621728000000,37287.39,40437.73,37287.39,37520.32,2021-05-23
1622073600000,34977.53,39406.93,34977.53,39406.93,2021-05-27
1622419200000,38642.9,38642.9,34775.08,35714.75,2021-05-31
